iteration,train_mae,valid_mae
1,2783.126587247204,2522.209334739881
2,2711.8613128507113,2449.56560357056
3,2642.8929630883226,2380.742102661218
4,2576.5041684237294,2313.576680956166
5,2513.0269303882546,2253.14638935364
6,2451.2015751408862,2192.764036122034
7,2391.5661533249613,2134.90329578166
8,2333.994800619025,2079.1430424088226
9,2278.6796889460466,2025.6880065683224
10,2225.693386666299,1977.6397958339803
11,2174.3904513225416,1928.8105357271354
12,2124.7030660509317,1883.1610949344044
13,2076.399200138067,1836.1347738566096
14,2029.8453231750245,1794.5687639306411
15,1985.4217189052604,1751.7624393378153
16,1941.8814969319942,1713.0347443630926
17,1900.4104049184823,1675.6494930690271
18,1859.8880261213444,1636.225913882477
19,1821.058061761698,1601.3427246444546
20,1783.95755239532,1568.0079975668173
21,1748.4113442738842,1536.3437665485808
22,1712.9237289263808,1506.5532610025125
23,1678.4521383321742,1478.1505114163922
24,1646.1488623415403,1447.3147580808088
25,1615.1666415718757,1421.3822910948031
26,1585.831747569702,1397.7097081013035
27,1556.056084635549,1374.2143952067502
28,1528.6300901652842,1351.4599149157098
29,1502.8963787858545,1331.4147007052088
30,1477.4015392807783,1311.8445032320944
31,1453.5092860920236,1292.4272775583831
32,1431.2357757087577,1274.2497489438254
33,1407.9908509596157,1257.2889693344998
34,1387.532054521458,1241.6945035455435
35,1366.7943273368364,1226.9423962710964
36,1346.6181352508288,1212.31575278664
37,1328.2414927894504,1200.871001895332
38,1310.6438695097725,1189.253013980184
39,1294.078106737664,1177.7800312874815
40,1278.3306865896554,1166.7063895080646
41,1263.0929859809598,1161.4416006922802
42,1247.6154101417055,1153.1608311909515
43,1234.3147689014384,1146.1443977109798
44,1220.9972744702056,1141.4773213103454
45,1208.291698055413,1134.5872504977742
46,1196.0085320057717,1131.8750785438715
47,1182.9813523466478,1127.9206037858735
48,1171.255841310388,1122.110230712697
49,1161.2621849515579,1119.9659268197458
50,1150.0977645482023,1115.703446284451
51,1138.9595507477368,1110.5571302347248
52,1129.9849918620052,1106.127609146153
53,1120.0954524963258,1101.8300851182998
54,1110.790391992861,1098.6130095770893
55,1101.596950627779,1094.4856482674736
56,1092.5742642256719,1090.5088060934902
57,1085.0985257180073,1088.6015661218416
58,1077.2450020389597,1085.5229901477185
59,1070.6213382877238,1083.1882319095803
60,1062.8072040056936,1081.1204039516333
61,1056.1999267448427,1078.4935047379809
62,1050.5676988849082,1076.6865250523147
63,1045.0754669482894,1075.4750652955033
64,1039.373736633276,1073.7812397053242
65,1034.8163696350823,1072.639643562166
66,1028.6388972689533,1071.2413984857435
67,1024.9198292399312,1070.4546292284824
68,1019.3269005454646,1068.50984854804
69,1014.27369630264,1066.9469117581523
70,1010.8188206807073,1066.0096578353266
71,1006.0521345251441,1065.36921078191
72,1002.007394462798,1063.70198132673
73,997.8156537166501,1062.428378406909
74,994.7923981590791,1063.2455570914606
75,991.0262776859738,1062.9047675218162
76,987.9904288265986,1063.079784622243
77,983.6536701457632,1062.4545698857153
78,979.5481456730182,1061.6831873973338
79,975.677287601592,1060.9519827555093
80,972.4346808462387,1060.2423513378044
81,968.2705838515232,1059.7304354203338
82,964.4526148946845,1060.2300743081064
83,961.2768386381563,1059.9345034227706
84,958.6318992636348,1061.317025767313
85,954.9181387485876,1061.594788881501
86,951.992829663501,1061.287817550689
87,948.2856427907733,1061.3480076446247
88,945.4685526677423,1061.503660818073
89,942.7945075707454,1060.7835264908995
90,940.3175598996371,1061.150133861815
91,937.2416477960932,1060.3251595848108
92,935.1914422686157,1059.8871272305737
93,932.4239921684825,1060.07411785103
94,929.6940468115328,1059.4733576704539
95,927.2795237202603,1059.2224298318881
96,924.7152316448348,1058.9402196934002
97,920.9877015352693,1057.768133396002
98,918.3744364174486,1057.4846207279516
99,915.1145087086124,1056.7653988919287
100,912.3225652250582,1056.854743507077
101,909.4484374189701,1056.052170809608
102,906.3893396755416,1055.8714169627012
103,904.0556005168407,1054.9194307103135
104,901.3538877605247,1053.7602206724546
105,898.7559458333327,1052.9189759813305
106,896.1599334542558,1052.4888004148597
107,893.9036020084678,1052.0653475066154
108,890.8150207599429,1051.7823753068026
109,888.0999007961764,1050.4930905660622
110,885.9661670756329,1051.0432717722279
111,883.5528901613352,1051.3666977533617
112,880.9136164625484,1051.209053192444
113,879.022913340551,1052.5893413863182
114,876.5894930855546,1051.9891318414752
115,874.6075693953752,1053.3924257422539
116,872.8389863620212,1053.8359978895037
117,871.1824230112152,1054.38086543578
118,869.4506759840124,1053.9095948053011
119,868.166403009819,1054.5232452995253
120,866.6962746650191,1054.016156912946
121,864.6952274315983,1055.0074278107945
122,863.3584193358612,1054.5137393935938
123,862.2726020552385,1055.0123985329838
124,860.4051675775769,1056.3178729646313
125,858.8522690186601,1056.2099951869852
126,856.9169832009972,1056.3964352008647
127,855.7229530214487,1056.714552339351
128,854.6806452119527,1056.4854780767093
129,853.3515152441947,1056.9420648170676
130,851.7092560180522,1058.3070928789894
131,849.6506537316428,1058.2744917636705
132,848.374920199914,1058.969077147574
133,847.3184364254872,1058.677177639341
134,846.4206537436644,1058.9100239481502
135,845.203102500281,1058.4975520880314
136,843.8944573455738,1059.2653675891927
137,842.1212742296565,1058.8991101738566
138,840.7496387238118,1058.6542533284505
139,839.0670274039618,1059.511045950615
140,837.6155267624076,1059.4383669353763
141,836.1717101789247,1060.265383188926
142,834.9674384663441,1059.895078819991
143,833.3411016188911,1059.7823813336886
144,831.9095148704934,1059.8280660265675
145,830.426180715308,1060.4919831753352
146,829.061745317642,1059.8819128224427
147,828.1053440307613,1060.3928135420747
148,826.5557560656754,1060.0164243791041
149,825.5199064517856,1060.2170615650057
150,824.7225808883337,1060.254475722111
151,823.5455335027704,1060.320447702348
152,822.6119018519728,1060.0048695994487
153,821.4553224609766,1059.7516922988652
154,820.0711075900766,1061.0745067013315
155,819.0190699460584,1060.5725419519658
156,817.6936262441748,1062.1497688699576
157,816.9562264700496,1062.628749320142
158,815.649941186788,1063.9048678493725
159,814.7441517833834,1064.179346459166
160,813.8080403531936,1064.4378927831854
161,812.8879000690304,1065.5284071231429
162,812.444255839008,1065.622033904145
163,811.407489291396,1065.5845960774843
164,810.3908636252555,1065.0538252134652
165,808.7829689506653,1065.3446956121434
166,807.9824378215994,1066.4224712488838
167,806.8606344044942,1065.599924501623
168,806.0317566000609,1066.277043327259
169,805.1926590538395,1066.321374943523
170,803.871240832135,1064.3738209952646
171,802.5184669112867,1064.5721629957293
172,801.5046467002003,1064.4433628238528
173,800.7583399538065,1065.220215604945
174,799.9087585876189,1063.6112699908679
175,799.073472265871,1063.2464420989768
176,798.3038224471065,1063.4262410660876
177,797.6841311680798,1064.0123826196188
178,796.4710197932834,1063.4921869075372
179,795.6345249837723,1061.760801047359
180,795.35537018626,1061.9342142776418
181,794.8931770517223,1061.8572936674657
182,794.4466683373774,1062.573955522327
183,794.2041587782768,1062.489739383805
184,793.0230284035696,1062.525590414022
185,792.4447728838174,1062.7289747253885
186,791.6191650604611,1061.2961150424849
187,790.2145014471625,1061.3757577199149
188,789.3510855668638,1061.2582487152542
189,787.8954402303501,1061.7471144096053
190,786.7926112979028,1061.4918252715722
191,785.9356535852038,1061.6335276415866
192,785.3595758893991,1061.6965640624558
193,784.4712776297766,1062.3408760247933
194,783.769445972953,1062.1462188594694
195,783.3655467468468,1062.5207639690748
196,782.7196266127135,1062.6034747671542
197,781.9634363594986,1062.357508429467
198,781.4604525715853,1062.2525748312223
199,780.662091466552,1062.3586056163215
200,779.8822617723774,1062.1414167309692
201,779.4164076678423,1062.4931685191577
202,778.5345368399425,1062.3318747019466
203,777.5335027510232,1063.459174633419
204,776.8251588145959,1063.3730256057647
205,775.3920607772644,1063.0719010195041
206,774.8214056760695,1063.3198168371623
207,774.5926009782978,1063.2657110687478
208,774.2405719948847,1063.3454080934296
209,773.4788883084137,1063.2093966933112
210,772.5369741932492,1062.9546232057282
211,771.626999965468,1063.1389768346944
212,770.4112293612849,1063.5732472326595
213,769.724110965273,1063.7447751400548
214,769.3153360324205,1063.7553012759004
215,769.0221297050082,1063.8256970609873
216,768.4157959715664,1063.8625202272801
217,767.5178381548895,1063.6217386706724
218,766.5602046273349,1062.224672886621
219,765.8559249569478,1062.2644498389775
220,765.0424927364826,1062.3202749087864
221,764.4430952281213,1062.4537381949533
222,763.7775506199223,1062.5671682845843
223,763.0369203431985,1062.634297399889
224,762.3647122692925,1061.1441020441173
225,761.4928609579941,1060.8502007339823
226,761.0000631513656,1061.2063813414168
227,760.1860893815206,1061.0476129383017
228,759.3674570757865,1060.9556829827159
229,758.6698609550347,1060.8352875834037
230,758.1348140106279,1061.0769997853904
231,757.4634231683707,1061.0411339170505
232,757.2611571541137,1061.267000910283
233,756.6444560574812,1061.337020114709
234,755.7068420501463,1061.6499857315837
235,755.2047536713874,1061.6818940207354
236,754.5821669239508,1061.7859146851652
237,754.1625988879907,1061.7073041655765
238,753.4929454231062,1061.6275459175943
239,752.864440594186,1061.8687701411218
240,751.9372632058138,1061.9384675724184
241,750.955708382769,1062.1407654379661
242,750.3091634487452,1062.189871267045
243,749.6611137052679,1062.2347002830797
244,749.460817100589,1062.3965108518462
245,748.8631137209969,1062.286431016423
246,748.1013565803734,1062.1727167204654
247,747.2888293197643,1062.2840073428463
248,746.3839390716258,1062.9049299133553
249,745.5489924846939,1063.0210362728278
250,744.9398717302572,1063.427409808961
251,744.1229818379057,1063.7441313606432
252,743.7120252943865,1063.7070254983298
253,743.1260205294673,1063.6727427216802
254,742.2165517903932,1063.1374388329305
255,741.241053543762,1064.4420880877333
256,740.7324645485369,1064.288721128741
257,740.0779434892856,1064.2195886738089
258,739.4753382563775,1064.2659642911308
259,738.6725377536478,1064.3716738309165
260,738.151410397398,1064.5017123768976
261,737.7767804122134,1064.4779595262862
262,737.1023451399724,1064.4118461503651
263,736.6566226822387,1064.3644639873835
264,736.0969273034815,1064.2587548541906
265,735.287310954176,1064.4283513660503
266,734.8146793517972,1064.6939080138848
267,734.2344585481404,1064.7253864740212
268,733.6797376758004,1064.674073946211
269,732.8547567186197,1064.6568856859642
270,732.0979593551428,1064.6619588713309
271,731.2268906251248,1064.5455113478279
272,730.3563189329835,1064.6774048993057
273,729.994585855144,1065.1590931519622
274,729.1611064028724,1065.367749492025
275,728.3043777069441,1066.717383623093
276,727.7855994487569,1066.6649290996336
277,727.0617466010655,1066.5124100223916
278,726.6128877219896,1066.6728038314798
279,726.0974745942237,1066.7562245110823
280,725.6429853546016,1066.8287235219384
281,724.815807531117,1066.8366011281978
282,724.1403797251787,1066.8176117726534
283,723.864528891936,1066.9711696366264
284,722.968266204072,1067.0614379522942
285,722.7436877732003,1066.9777574023701
286,722.2708298608832,1066.9963325536908
287,721.9272235424511,1066.9720510125715
288,721.237762384109,1066.956792155485
289,721.0191819189757,1067.015091064677
290,720.1904826718223,1066.8625932792281
291,719.6032552835011,1066.904830643097
292,718.1903342255813,1067.3386773003713
293,717.6801580907824,1067.4040667648023
294,716.7303839055592,1067.3450169530852
295,716.4675140234194,1067.634206735501
296,715.3795799175008,1067.6543174595035
297,714.92084010308,1067.847263412191
298,714.2322448290629,1067.7867223373871
299,713.5408071337191,1067.5516280068916
300,712.6723571120525,1067.5274697802192
301,711.8765651739783,1067.5807498002737
302,711.0815121831487,1067.8214727051904
303,710.0726593157447,1068.171187748978
304,709.6264789599952,1068.184066146236
305,708.0420191046347,1068.09388894869
306,707.5386998072036,1067.9943474435543
307,706.3624189170821,1067.9654622754633
308,705.7722786505061,1068.2764194069593
309,705.1175466799149,1068.0395877741432
310,704.3519178166151,1068.162777997399
311,703.1524359991749,1068.1651013814383
312,702.4695747846092,1067.9099923211777
313,702.1382022045545,1067.963148258571
314,701.7094849608521,1068.2145753913678
315,700.7792191410342,1068.711384915918
316,700.1186107128713,1068.677254098902
317,698.6944670963858,1068.804038744344
318,698.0330464447638,1069.079464504113
319,697.4119914152402,1069.4411097992331
320,696.8874095147346,1069.3027674901705
321,696.3137747182309,1069.5006491747401
322,695.5881892442299,1070.5470562391336
323,695.0964214501664,1070.595056060954
324,694.4770044436,1070.3854507741505
325,693.3149606365387,1070.3672355460471
326,692.6815630994288,1070.4315306491014
327,692.3443717361869,1070.6780098146007
328,691.9180227355978,1070.4028616241908
329,691.5881041294512,1070.4770741970867
330,690.8397212692042,1070.5551744442998
331,690.2838306125536,1070.38084284691
332,689.0082616274788,1070.4194318643717
333,687.9707366051317,1070.4488269155495
334,687.0093199770752,1070.636664777427
335,686.6027150924346,1070.7895777983465
336,685.9662010215175,1071.1621034707894
337,685.1450674472563,1070.977507984765
338,684.1979111349649,1070.9542220832475
339,683.8310323776012,1070.9080389455553
340,683.4334654032294,1070.6847737272374
341,682.3884924998416,1070.6182738328355
342,681.5494718254217,1070.4817319728832
343,681.0506911670079,1070.552080484919
344,680.5351154658242,1070.4050451736425
345,679.8138035697751,1070.1932266337687
346,679.0950810898013,1070.422468593496
347,678.5669748061937,1070.392484406706
348,678.1164494379213,1070.4125918178215
349,677.4351790391204,1070.277230612955
350,676.6445241094832,1070.1379040948625
351,675.9879414966625,1070.173482893625
352,675.3023343837502,1070.4366886375865
353,674.7703959789792,1070.4025798798682
354,674.1594785431781,1070.5275853072371
355,673.5966017660704,1070.6115729684645
356,673.246466045637,1070.5901041671489
357,672.6226880805515,1070.5841052511964
358,672.0572271854287,1070.6099769234918
359,671.7323945775663,1070.4156887804631
360,671.21619050072,1070.3309264425027
361,670.9496257009697,1070.4315302772636
362,670.5305871849855,1070.5916689031812
363,669.8772546646117,1070.8213678703448
364,669.4557118449839,1070.9093765003272
365,668.8935555211921,1070.9192478484401
366,668.4699436055929,1071.3385719212056
367,667.2139804792424,1071.2757247954992
368,666.6801118418626,1071.1226264313007
369,666.3472468134413,1070.1887241941417
370,665.7550082118755,1070.4730986359036
371,665.4944730298719,1070.577817836839
372,664.8295357223938,1069.9180088987844
373,664.4121565943442,1070.05611154339
374,663.5034176247714,1069.9665353194914
375,663.0847103614515,1069.9784892138173
376,662.6000766974524,1069.9665134835875
377,662.252666230871,1070.0648362127836
378,661.6513800700117,1070.0352681430509
379,661.0984795525978,1070.0034777424248
380,660.5953078235867,1070.0214452026987
381,659.9388528371362,1070.1883820056642
382,659.5673438653027,1070.349170922753
383,659.1641335129141,1070.3206055435849
384,658.5583133230692,1070.5742264180853
385,657.9951896731126,1070.7484354953947
386,657.5773895016569,1070.6968553119966
387,657.0461715002886,1071.025224260445
388,655.8865428865413,1070.9920171523058
389,654.9774802213617,1071.5025524991881
390,653.9462297693475,1071.5260219987604
391,653.3111420437846,1071.5699137258437
392,653.090889283756,1071.7371030161564
393,652.3455961787513,1071.8965506060954
394,651.867568868332,1071.9309794801184
395,651.5261667041233,1071.8114620021347
396,650.6218848631113,1073.2760806437338
397,649.9431029625466,1073.321978116426
398,649.1023065966057,1073.2824876155476
399,648.5896943311191,1073.455726327377
400,648.2134925493153,1073.570263950275
401,647.57426866735,1073.6739206536624
402,647.270133662913,1073.7913448847626
403,646.5790145553324,1073.7814909355488
404,646.0703695517803,1073.7867362000438
405,645.1771891367287,1074.1298339452262
406,644.8991273733078,1074.1998405504155
407,643.981299684237,1074.1987873610951
408,643.1471722794905,1073.991828172007
409,642.7838266595484,1073.9950937873398
410,642.5108300258873,1074.0517595805113
411,642.2313678336578,1074.0001746748435
412,641.8125221628519,1073.9282952685119
413,641.6016627980549,1073.9701596754032
414,641.07540508111,1074.0890358973124
415,640.3437100957314,1074.2172995571661
416,639.8933612425343,1074.260614614341
417,638.9747397240762,1074.2926663458832
418,638.5673763273679,1074.3840307023402
419,638.1284355957534,1074.5352120902521
420,637.7222722820303,1074.458294337985
421,637.3642001522641,1074.5798469599915
422,636.7071515759569,1074.5415527803905
423,636.3432829385229,1074.597198464864
424,636.1174169532688,1074.7381963934617
425,635.2665528274739,1074.7517087091758
426,634.6789225086939,1074.810878443505
427,633.8594378945602,1074.880933053586
428,633.2475241507215,1074.8512541130901
429,632.5430976414137,1074.8516887944827
430,631.8952949801167,1074.9090155339666
431,631.4784586490641,1074.9058342253172
432,630.819824155041,1074.9032608083628
433,630.3778291330741,1074.9114219975636
434,629.8558668601255,1075.1472186162337
435,629.4600135843812,1075.1541673074862
436,628.9121785562828,1075.1432059042575
437,628.6433174237865,1075.3784470898452
438,627.9891712620149,1075.3788917805045
439,627.7815255959945,1075.5068265803777
440,627.492513055752,1075.501024934194
441,626.8472702809715,1074.9824397881725
442,626.5383024102683,1074.8435146312397
443,626.1368553218833,1074.8008654191806
444,625.6592554979414,1075.1184081402264
445,625.0953833118183,1075.1700855433057
446,624.674184508029,1075.0164545313394
447,623.9372259736169,1075.0137963847633
448,623.4402662395527,1074.9114495092226
449,622.6892868650662,1074.7984265222653
450,622.1556455091072,1074.7568911628337
451,621.7043757372759,1074.6587892354005
452,621.1192613016934,1074.6591244089095
453,620.5829779342495,1074.279600835055
454,620.0740410627955,1074.3105874873797
455,619.6070071235762,1073.336159435573
456,619.2590330382635,1073.3210552016335
457,619.0661007799214,1073.2016423272412
458,618.6512589028597,1073.0555404732452
459,618.1569507311137,1072.8339660467907
460,617.8292377370163,1072.6777862211266
461,617.6436393166443,1072.615494415247
462,617.5173750734165,1072.6441858452442
463,617.2823874519046,1072.616686906331
464,616.8569519832993,1072.5213749482919
465,616.4021227007025,1072.376446315423
466,616.2593882277355,1072.2907726824185
467,616.0404048314949,1072.213322004857
468,615.92617305035,1072.154378607863
469,615.6415708579852,1072.247741224975
470,615.0474841743493,1072.2658367897075
471,614.5972371502967,1072.2463309264713
472,614.2753659525765,1072.1904205357603
473,613.7607707991883,1072.137552798
474,613.3316676960508,1072.1163076432454
475,613.1479614495827,1072.1293585838994
476,612.8765407044262,1072.1464323447578
477,612.3076570186079,1072.1601656042435
478,611.6587955726666,1072.0336195408065
479,611.3769522722445,1072.0577112703925
480,610.8520097561366,1072.046724891949
481,610.6322088608641,1072.1730091766472
482,610.2446922983761,1072.1367094606705
483,609.7866609605916,1072.4509786538808
484,609.6383951180812,1072.5610999396563
485,608.9849717937217,1072.2296937345502
486,608.8400318972376,1072.245745839594
487,608.248308268506,1072.1086556334715
488,608.140994430567,1072.0637440719659
489,607.7896093260895,1071.9339634158168
490,607.5985902573033,1071.9990517093556
491,607.3758599060262,1072.0752891360496
492,607.1333172390448,1072.0990964494563
493,606.7674508766469,1072.0612159728953
494,606.2940321364167,1072.0249052567422
495,606.007869624135,1072.0778045253107
496,605.8671885305182,1071.9337393937858
497,605.0747880765954,1071.8492094028868
498,604.6966976794521,1071.3522424671169
499,603.9745831085141,1071.30647542546
500,603.5537733392136,1071.723063932837
501,603.3656359063198,1071.7630152368517
502,602.7632232914203,1071.8884930142744
503,602.6953683437101,1071.8570225608594
504,602.248332319829,1071.822401881247
505,601.8538406632638,1071.7271816216498
506,601.1389324943177,1071.513270697771
507,600.7712710109353,1071.6159429604022
508,600.2087812463308,1071.4820361812838
509,599.7847202627526,1071.5217426405654
510,599.5163224190202,1071.6101180818061
511,599.0947809904193,1071.5276668505614
512,598.3585234130114,1071.5308410008374
513,598.007677690366,1071.5261786008998
514,597.54840575331,1071.6859939378116
515,597.3537099081942,1071.6545466791447
516,596.7302403957268,1071.6721904949272
517,596.0543696200664,1071.6338422227825
518,595.5272696378115,1071.3578872214039
519,594.9377575425052,1071.3565347572364
520,594.549320933338,1071.3673718489592
521,594.39140551832,1071.3632741589493
522,594.2178368215139,1071.504896821677
523,594.0120542205034,1071.420690841068
524,593.8415895748219,1071.6038971024504
525,593.3771927759761,1071.7335397376437
526,593.0579085357774,1071.7525392736745
527,592.7762780827204,1071.8993466087995
528,592.2535255949316,1071.7288412788712
529,592.084648326871,1071.6555091749499
530,591.5704983268425,1071.7786943630826
531,591.3568797564983,1071.831215885519
532,590.9610056236888,1071.9061506618564
533,590.7536315515656,1071.8593655234313
534,590.3824262841922,1072.0111238007044
535,589.544226413084,1072.2382273883284
536,589.2364605814405,1072.243430885475
537,588.631880867047,1072.1279798763692
538,587.9221992677282,1072.2160750105563
539,587.4357686356611,1072.3122823889923
540,586.9719008259966,1072.331805764609
541,586.85157815488,1072.3212485427855
542,586.6214459663444,1072.3417725139602
543,586.4199140814268,1072.3028784798316
544,586.2313171156203,1072.3053341929808
545,585.5667749992299,1072.3054641966014
546,585.2759308671989,1072.244247311
547,585.0010102967522,1072.0857806698727
548,584.805253590677,1072.0753032675816
549,584.3412478722141,1071.792315018411
550,583.7912837908971,1071.7950659516123
551,583.6610220694545,1071.7748603407715
552,583.3171768249978,1071.7174763163603
553,582.9401718142651,1071.8510137770115
554,582.483190543257,1071.9457935311834
555,581.887297894353,1071.944530582876
556,581.553552546977,1071.885458226924
557,581.1453994570214,1071.9413213855905
558,580.662936547991,1071.9306979997816
559,580.4541327075408,1071.7375057568897
560,580.2793331515262,1071.654018862665
561,579.7448936228616,1071.4365084950252
562,579.5009084670768,1071.472025557813
563,579.1388836689508,1071.2980410071025
564,578.9756568559102,1071.315100485198
565,578.777478849013,1071.3355236173413
566,578.4934168907894,1071.3132555198417
567,578.2746877197355,1071.4844418163764
568,577.9295513379321,1071.2270284194235
569,577.5548977014438,1071.2259033803148
570,577.205741137926,1071.468132722485
571,576.7368265102538,1071.468534686721
572,576.309901098217,1071.4171234571334
573,576.1136872896562,1071.4527359640854
574,575.9034410352825,1071.4800369276268
575,575.7099738638317,1071.3639145827635
576,575.3539652158041,1071.3511938210027
577,574.8867403458563,1071.3323682215628
578,574.4863116692943,1071.1990505149915
579,574.2960514254922,1071.2006732677198
580,574.1805249115098,1071.2342168626105
581,573.8818761871407,1071.1923792959558
582,573.681620719554,1071.305885819949
583,573.4345634436501,1071.4628600874987
584,573.1763283422301,1071.4412705829038
585,573.0086545477848,1071.3341315439534
586,572.8097064504997,1071.264320697078
587,572.6674119620226,1071.2582036921792
588,572.5270373252864,1071.247849023717
589,572.1241874401763,1071.3080606247847
590,571.9602354155478,1071.3602660770357
591,571.8858384671502,1071.3599058000798
592,571.4727071550047,1071.3700956357204
593,571.0204881758455,1071.5108650284744
594,570.4322926536558,1071.4891732827818
595,570.218377489665,1071.4402105327079
596,569.929368472764,1071.42100548161
597,569.4475262424634,1070.9795646575215
598,569.098672440274,1070.9733054449086
599,568.6256086001762,1071.1953706547251
600,568.2674046163216,1071.1669508071536
601,567.9204449086053,1071.0978849680384
602,567.4362297506087,1071.0518251615413
603,567.0045053220264,1071.1279514662954
604,566.802551491758,1071.1474387372255
605,566.4924650094866,1071.211245816258
606,566.065679627397,1071.3203746468637
607,565.6168328874243,1071.3819463534567
608,565.1996137266046,1071.583565331714
609,564.9844181093948,1071.594686839785
610,564.866523914826,1071.5575616279589
611,564.6900896490866,1071.589704297197
612,564.2003937584246,1071.5808304238617
613,563.8568979055501,1071.5988227569662
614,563.7868641419293,1071.6287857395669
615,563.6864114793042,1071.5674160871731
616,563.4240612762784,1071.5427781403835
617,563.2440639752624,1071.5325345912192
618,563.0914765224387,1071.4421471150836
619,562.8369423869864,1071.4658294124476
620,562.3986267816433,1071.6906721745647
621,562.1894921634498,1071.7380954784246
622,561.9247427684614,1071.7033955226118
623,561.6991833893613,1071.8335377533292
624,561.28863513956,1072.036008305885
625,561.0483168269869,1072.0565810419457
626,560.8688647055974,1072.07155443263
627,560.5113893470274,1071.9273444430141
628,560.0590984431602,1071.923446656988
629,559.9501884084916,1071.8528616450412
630,559.5722947597861,1071.7808380299803
631,559.2886834943356,1071.792543025701
632,559.1025671026205,1071.8560778284086
633,558.7564680549207,1071.8665433436354
634,558.5348474656437,1071.82537276119
635,558.2262638490439,1071.8632279026301
636,558.1343517415968,1071.8425973830988
637,558.0402949843572,1071.8702322501101
638,557.6683646031327,1071.9599108415132
639,557.1118889659438,1072.0169541009375
640,556.6248558068653,1071.8331463285726
641,556.5206835523732,1071.8351579781845
642,556.4408194381463,1071.853855420082
643,556.0253816543765,1071.8752238037303
644,555.7010405130641,1072.091525663798
645,555.1806293743413,1072.1322527405732
646,554.3188219395898,1072.3264810335168
647,554.0536639469517,1072.2776256708948
648,553.6648648503719,1072.1479197929184
649,553.295294194704,1072.1181251816547
650,553.0513059732777,1072.2130771103837
651,552.6963294276045,1072.2143076725235
652,552.2181363917857,1072.3213860787969
653,551.9742214712692,1072.3236680805603
654,551.7634745052669,1072.3031614484494
655,551.5781454543268,1072.2660720019464
656,551.3548472524153,1072.2394235157913
657,550.9245113377394,1072.384054419025
658,550.3734861831438,1072.4048844931242
659,550.0298388000241,1072.4366966358743
660,549.8553605333005,1072.376522949161
661,549.5691771378163,1072.3013515353402
662,549.397047606188,1072.251472534996
663,549.2087184924101,1072.2947552781657
664,549.0286366179748,1072.34655914289
665,548.6773636050976,1072.4239518537531
666,548.2672013947412,1072.4283634158928
667,547.7261513553351,1072.4790117662542
668,547.5329737119986,1072.585375074743
669,547.1828689778197,1072.70845800678
670,547.1356403544961,1072.7096739343915
671,546.8049280166305,1072.7719266504766
672,546.4224927451173,1072.9357861938506
673,546.3448528255417,1072.9680564389466
674,545.9829314232767,1072.8754832273344
675,545.6858132166225,1072.946610574477
676,545.1704911047746,1073.139661019302
677,544.8582900172868,1073.161520299117
678,544.3727120108041,1073.02275661538
679,544.2193035929696,1073.0228385680948
680,543.9516261670994,1073.507108779535
681,543.8442616697362,1073.5200491854564
682,543.4553223701727,1073.518752976052
683,543.0885618361983,1073.631036036351
684,542.7282832656732,1073.6277308567612
685,542.3834080922398,1073.627292606002
686,541.8118600921038,1073.6510233696454
687,541.6170850170766,1073.6958150036828
688,541.4018089783845,1073.7041175318273
689,541.2447656747757,1073.6584837795806
690,540.8691193982426,1073.6337017957965
691,540.4749291090726,1073.8112919404084
692,540.0342149577216,1073.8622678795928
693,539.6403525785512,1073.9214242997773
694,539.1669457135592,1073.9356599564157
695,538.9721309487086,1073.99280855304
696,538.7232434471836,1074.0233096438924
697,538.5898081862151,1074.0642071721693
698,538.279824742313,1073.9817326609523
699,538.131411542894,1073.9883855933929
700,537.9477565432769,1074.0031666014852
701,537.4896426936051,1073.9503340207762
702,537.1443236543037,1073.990726254835
703,536.7675776456934,1074.073028113799
704,536.6106816327662,1074.1162678283192
705,536.4530374345712,1074.2387720231711
706,536.2732235403697,1074.2958808258868
707,535.9869342474981,1074.212060589889
708,535.8225593249108,1074.2540632433902
709,535.6685974731819,1074.2997431140232
710,535.4160618066462,1074.3847849363797
711,535.0826049138191,1074.3460961481394
712,534.8088898901597,1074.3161479506648
713,534.5574279024705,1074.366082642749
714,534.2424123603585,1074.415735792471
715,534.0469532039382,1074.5646926053737
716,533.6419315548128,1074.5223997028331
717,533.3061716950747,1074.4237244988287
718,533.1553395407752,1074.4679121404376
719,532.8447723567523,1074.549713698944
720,532.5768713933493,1074.7666974860642
721,532.4394274366516,1074.841645652458
722,532.2762519580103,1074.8753188550747
723,532.1270207705533,1074.8937127040342
724,531.7620230906738,1075.0263350606288
725,531.3489487604531,1075.0021680913173
726,530.7990692259352,1074.9683731533494
727,530.4772330961839,1074.9247103465639
728,530.3813574621032,1075.0555888918327
729,529.8468767563912,1074.9796770128319
730,529.7630217766031,1074.9277284169355
731,529.4631247239174,1074.9231916557756
732,529.4046804713229,1074.98499209853
733,529.3130931254101,1074.9640551465961
734,529.250151498843,1074.8609610010933
735,528.9386558943427,1074.9247016939958
736,528.5583337238339,1074.9438722263965
737,528.1556084487189,1075.0392642154698
738,527.9421749339806,1075.0517252617137
739,527.7832176344,1075.0528853958128
740,527.388527129623,1075.0889538608226
741,526.9736318381136,1075.1000954438234
742,526.6899845422117,1075.1475918636042
743,526.479124606144,1075.0797618096217
744,526.1556008779957,1075.0473406492883
745,525.8569306094907,1074.989942388998
746,525.4828010413553,1074.9824404612025
747,524.9529669193332,1075.00701819422
748,524.5655900315335,1075.0062215714051
749,524.1995375198076,1075.0557849254624
750,524.0144764734275,1074.919427503069
751,523.879635667155,1074.970852815529
752,523.3425777272627,1074.966604267622
753,523.2544399593589,1074.9308180496523
754,523.06684522015,1074.8702239981203
755,522.9682254758528,1074.8702443587858
756,522.4804382825696,1074.8442722626185
757,522.006579093851,1074.8003098646616
758,521.7772779335744,1074.8137510180966
759,521.5611207179038,1074.8281980067716
760,521.4141309790922,1074.902877383509
761,521.2331904410742,1074.8767801384245
762,521.0426203921844,1074.8383585296503
763,520.8197602742113,1074.9377865837052
764,520.3054413333049,1074.9385374370295
765,520.1082989901624,1074.8930701835195
766,519.9130209257539,1074.8972096592513
767,519.7369858183714,1074.9015951608155
768,519.424045268879,1074.9900477057643
769,519.1532891531583,1075.0045100007885
770,518.9350119027355,1075.0403150564641
771,518.6052372749195,1075.0104865889168
772,518.4081318097856,1074.9639111429574
773,517.728189811867,1074.973113014071
774,517.4727783373975,1075.1011672992051
775,517.1696087734147,1075.002870164679
776,516.6637681092418,1075.0833962670886
777,516.2609285352909,1075.074378933597
778,516.0381472343325,1075.0839757864053
779,515.5745162722988,1075.07385168551
780,515.3191663986632,1075.148249599348
781,514.9724859988752,1075.287607264384
782,514.864361639971,1075.2809820288157
783,514.7277355959435,1075.3383110638974
784,514.4922359429795,1075.7318238987798
785,514.455060121175,1075.6871201865524
786,514.3648609056672,1075.71327212838
787,514.2055211577251,1075.8806146049515
788,513.9951142234441,1075.9254596425037
789,513.8229703462441,1075.9205992787945
790,513.4237005566952,1075.9105566676965
791,513.2099060969563,1075.9463067511113
792,512.6770966984874,1075.9103481174286
793,512.5177141905036,1075.8753231532671
794,512.3519422624024,1075.7932885316397
795,512.140993696528,1075.7981155162433
796,511.87413287970816,1075.8730594869141
797,511.5668229831673,1075.9765183378363
798,511.3952833358685,1076.026634677174
799,511.0077935250207,1076.0518329052386
800,510.7841718641922,1076.0509379144073
801,510.3752057471981,1076.0290805365787
802,510.11524462968947,1076.0440225170832
803,509.8869569142574,1075.9426405588806
804,509.7451372891302,1075.9921646568853
805,509.6068099644272,1075.9768963412776
806,509.38281231204945,1076.0403029287124
807,509.2723376597177,1076.1039302922159
808,509.02857439944773,1076.0942001903431
809,508.9109220510717,1076.088633125101
810,508.75701226537853,1076.045097801483
811,508.50780385098227,1075.9930678676283
812,508.1059373060783,1075.8482933128612
813,507.8634150069553,1075.8610527691715
814,507.7001242066716,1075.8692118002537
815,507.54540496569683,1075.8363887700186
816,507.3050071553575,1075.717610071818
817,507.11238043556614,1075.7538592016044
818,506.4555456812961,1075.7890415172767
819,506.22484199327084,1075.7672810450272
820,506.075659085207,1075.723233028241
821,505.8343236513918,1075.7504724142732
822,505.5691059596433,1075.8329824193731
823,505.3633540611327,1075.7684264591367
824,505.2321790539696,1075.861058173698
825,505.05953540165535,1075.9076042524541
826,504.83552303170563,1076.041983245415
827,504.7348042438885,1076.0496926499836
828,504.59147401922036,1075.9648190382813
829,504.33678590217903,1076.00387979648
830,504.1190378371532,1075.953992959269
831,503.87972129322156,1075.8317715368376
832,503.7912979501716,1075.847352453383
833,503.57435682956555,1075.8573539241354
834,503.36429592585193,1075.8087281012079
835,503.0095353664044,1076.0012054097194
836,502.7776195426788,1075.9133243657673
837,502.3950173290253,1075.9122859672045
838,502.0956519325719,1075.947116129261
839,501.90129919535906,1075.933135747604
840,501.7003762588683,1076.024897935246
841,501.5393869521344,1076.0108331194192
842,501.4177162484035,1076.0191146469967
843,500.9305040212402,1075.8610900525105
844,500.7410988251756,1075.8689083514603
845,500.5528644350477,1075.7936144472885
846,499.87384117630705,1075.8119145600733
847,499.64718321507723,1075.8277308593538
848,499.38819731353755,1075.8220906305949
849,499.1737714573104,1075.8862657196564
850,498.9745479334532,1075.9249346479858
851,498.90942016123455,1075.9606067751733
852,498.67255822965564,1075.896989313301
853,498.39293772406324,1075.9444377862856
854,498.11983088240163,1075.8955543835266
855,497.82246151679226,1075.7761431652937
856,497.684497196225,1075.7703448590526
857,497.4415488979102,1075.6971498409298
858,497.2470697807089,1075.6728207863766
859,497.1084921189124,1075.7171140614817
860,496.98229247170923,1075.7675381526192
861,496.7433408719707,1075.8394922147281
862,496.59009195758,1075.840323194655
863,496.4616904063915,1075.782015929115
864,496.2344179357923,1075.7534180180387
865,496.0057381988076,1075.7829375359536
866,495.91468310368856,1075.85923427699
867,495.77384835889654,1076.068404373329
868,495.57474613159087,1075.9265372493458
869,495.4314806206511,1075.9923880863473
870,495.369587687026,1076.0282251474816
871,495.2379198122524,1076.0476244676377
872,495.03776668237066,1076.002180224083
873,494.8730398625087,1075.606274463323
874,494.62371715356016,1075.7082590700377
875,494.50541625107456,1075.7798419668154
876,494.3159659297526,1075.7877286539099
877,494.2023909113832,1075.716290575062
878,494.1353123402446,1075.873444626959
879,493.7842107868373,1076.0732725533446
880,493.570010352205,1076.1300127075674
881,493.3524815640321,1076.2091808523962
882,493.21732130038095,1076.3296488265207
883,493.07027149714264,1076.390455885212
884,492.8685772911644,1076.369705024535
885,492.7475995184219,1076.3906513973945
886,492.6211476635697,1076.3583898565935
887,492.4943644407359,1076.3908840254144
888,492.1732122029823,1076.4419663511057
889,491.9875413606695,1076.163121764048
890,491.9217799721648,1076.2142475334338
891,491.80179130177055,1076.1785874658387
892,491.7424252102869,1076.1823556009192
893,491.60823176491385,1076.0382011779193
894,491.43115848707225,1076.0642911117045
895,491.3214954704222,1076.0488236862345
896,491.1187045391341,1076.0082675098788
897,490.92913194299683,1076.0282365357373
898,490.7789205674978,1076.0523746301853
899,490.6257419215222,1075.967022965509
900,490.5318448929358,1076.2239371372546
