id,전기요금(원)
32064,594.696844082206
32065,595.7326353195326
32066,595.7013341059251
32067,596.6910561127881
32068,597.6231572225104
32069,597.0533785325957
32070,595.6936708167694
32071,597.8632304711459
32072,597.510403421806
32073,597.4253420117366
32074,596.7891795096704
32075,601.511175358618
32076,601.006010868577
32077,601.4870161172232
32078,601.9378047365717
32079,600.4974979344738
32080,600.4974979344738
32081,600.4974979344738
32082,599.4285261732164
32083,603.6033619477206
32084,603.6033619477206
32085,603.935007829927
32086,606.6659520702952
32087,602.8641844767295
32088,605.1632982617401
32089,605.2828240573477
32090,605.2222604812774
32091,604.8856507833032
32092,604.8856507833032
32093,608.9849076654991
32094,610.0621395085252
32095,762.4816354315551
32096,1120.419416517882
32097,2587.5248368120024
32098,2597.127181259863
32099,1893.3404584344794
32100,3450.3602641296034
32101,3507.8768434362187
32102,3507.8768434362187
32103,3513.187123018215
32104,3601.6313216680774
32105,3551.6471298258593
32106,3602.2133084250236
32107,3421.0034836770214
32108,3795.7575528454486
32109,3834.153619226373
32110,3835.9748631622633
32111,2878.860805843488
32112,1377.6678037429406
32113,1403.106862770372
32114,1407.2218245950694
32115,1748.6947994340048
32116,2320.8617314084495
32117,2512.9680866964272
32118,2492.852912986693
32119,3083.464414366106
32120,3159.982362773123
32121,3124.0657560677155
32122,3092.670174789747
32123,3046.2051565537076
32124,3119.954899306059
32125,3083.770614007247
32126,3126.079260069851
32127,3039.995692097492
32128,3097.521525027695
32129,3102.145668574648
32130,3102.145668574648
32131,1975.2438856812262
32132,2191.726671609218
32133,2333.002398414023
32134,2328.701754237077
32135,1940.8798012586822
32136,1650.9318318204462
32137,1663.6211368172474
32138,1948.324793770155
32139,2315.5139130618545
32140,2326.850833164418
32141,2353.251608174831
32142,2348.803604059285
32143,2205.799606248889
32144,1724.52177760794
32145,1655.6584627265593
32146,1650.0512445656088
32147,1446.3327628358368
32148,1278.116518757013
32149,1267.580725136694
32150,1259.770710264459
32151,902.2123035374623
32152,833.8615451733837
32153,691.7522475358322
32154,700.7894858719272
32155,677.0519798486501
32156,573.7096862703562
32157,569.207974719573
32158,568.3490242018888
32159,561.6831247223031
32160,560.4354869765506
32161,561.8242695089011
32162,563.5807107681632
32163,564.2077575968704
32164,564.3735262243293
32165,566.4120859717057
32166,566.5295239936534
32167,571.141289096735
32168,571.6255485095024
32169,571.5666300999504
32170,571.5666300999504
32171,571.7164423343546
32172,571.7628346897927
32173,571.5803380417368
32174,571.5960039311256
32175,571.8543611104923
32176,570.9664565065409
32177,571.7546579636288
32178,571.8337403875995
32179,575.6005936976483
32180,575.9106304644612
32181,575.9106304644612
32182,575.9035705071267
32183,572.1452519575431
32184,572.1294954536398
32185,572.2859724004511
32186,572.4012616140128
32187,567.0368663721317
32188,566.8675964310512
32189,569.7641974173944
32190,570.7350412507299
32191,708.1932540369595
32192,848.3904497795659
32193,903.996384818791
32194,906.248046773337
32195,1503.5104660699149
32196,1421.5189447386342
32197,1411.962037995782
32198,1416.9622860391844
32199,1295.9836197438779
32200,1350.3018966187
32201,1358.7352388454403
32202,1361.8062732064398
32203,902.4271965919759
32204,807.4256217610168
32205,811.0510361431468
32206,815.2546142635344
32207,893.965434662602
32208,959.3857374359051
32209,1005.78118488118
32210,1020.4655043154276
32211,1322.8250992215214
32212,1345.515940246211
32213,1342.3974049984192
32214,1348.8700674190775
32215,1374.3436582721824
32216,1406.7781329387885
32217,1423.5056922118572
32218,1425.4394332187778
32219,1416.9812181897378
32220,1423.6769035579862
32221,1428.4173645207459
32222,1428.8955163192581
32223,1401.0844097958961
32224,1428.2853132733055
32225,1423.129851901685
32226,1423.412370803517
32227,1633.9854037408709
32228,1644.3986072890866
32229,1644.1595238414095
32230,1640.138876049822
32231,1243.9346322118288
32232,907.8342850790538
32233,909.146202686797
32234,1056.6839241574967
32235,1470.8527756568997
32236,1466.8167550445655
32237,1457.305907350398
32238,1453.509862795981
32239,1589.3902664039547
32240,1606.640840121541
32241,1605.1198848439956
32242,1602.5035842827817
32243,1619.0350944423794
32244,1591.271048280609
32245,1591.3306096186616
32246,1587.2775850078
32247,1428.0983398406252
32248,979.6261560079632
32249,610.7145964117644
32250,606.2170851493756
32251,546.7558178116523
32252,543.1727544203968
32253,545.3984488438427
32254,545.3984488438427
32255,571.6841787757968
32256,562.8477317993076
32257,562.9493534434268
32258,563.3444948306676
32259,573.3132440909837
32260,570.3686831075615
32261,569.745329922099
32262,570.1276667332988
32263,573.3686722252828
32264,572.7261672925666
32265,573.4542854710274
32266,573.7368043728595
32267,567.971269902617
32268,568.1885456391379
32269,567.5759662552261
32270,568.596262283329
32271,579.850180805205
32272,579.3889454064931
32273,580.335442684517
32274,578.1878721687783
32275,580.1421462882232
32276,579.9632278252293
32277,578.5869908560487
32278,578.5217728371047
32279,574.7959225344525
32280,573.8186996378254
32281,573.8243730862814
32282,573.4728490039906
32283,583.4946810770617
32284,583.4194966965808
32285,592.9638340145829
32286,594.8692076989304
32287,688.6650169578387
32288,3304.5623392478615
32289,5656.91780089722
32290,6137.1503650278355
32291,5951.264394172845
32292,6907.716176333996
32293,6878.07945665905
32294,6844.981109629944
32295,6860.910232844203
32296,7076.254434162459
32297,7030.4887291672
32298,7042.305209821272
32299,7061.500878277279
32300,7624.797079807126
32301,7618.635624732637
32302,7620.357040429969
32303,6374.571353540739
32304,2048.9026873786056
32305,2109.4165658930397
32306,2067.4640311097123
32307,2423.111636597386
32308,4840.445706340157
32309,6122.626007856223
32310,6143.031934318398
32311,6453.049010057947
32312,6496.063154903841
32313,6506.870103686462
32314,6485.931088384828
32315,6370.1263062794815
32316,6418.154696020916
32317,6439.797682767186
32318,6440.500869642664
32319,6378.463328356927
32320,6657.438766605341
32321,6636.077105436368
32322,6649.645577754165
32323,6707.409629499394
32324,6787.775150237936
32325,6633.466568951976
32326,4805.693349608282
32327,3645.174479755965
32328,5175.323647520487
32329,5716.261276586556
32330,5603.368044208725
32331,5164.285062147754
32332,5212.9221715172
32333,5156.754977912215
32334,5194.330097667936
32335,4958.411734925265
32336,5251.785473276718
32337,5233.678719989608
32338,5129.638272019708
32339,2677.172869523917
32340,2003.8079092271742
32341,1834.4237427609892
32342,1795.724081284974
32343,1490.0018986723305
32344,916.9983090512217
32345,725.5565839966171
32346,733.3396269005458
32347,727.6111516054177
32348,631.3176025026587
32349,623.4506869963226
32350,622.3901122697694
32351,613.1246085961338
32352,609.427765838578
32353,609.2694022576981
32354,608.9037426668351
32355,601.7475129215511
32356,599.7239702796367
32357,598.5892410911089
32358,599.280674583799
32359,612.5831399146243
32360,613.79611313223
32361,598.9411192253842
32362,606.3094198457105
32363,608.0957421766539
32364,600.4036332785396
32365,600.4036332785396
32366,600.537757375172
32367,596.8424238305116
32368,597.4028669511981
32369,596.0194382044556
32370,595.3004571934642
32371,608.3160603304647
32372,609.7747115205186
32373,608.1940411241036
32374,608.0249436164443
32375,609.9827043285766
32376,609.4810208326089
32377,609.3249605223194
32378,608.9763450729204
32379,593.4105371502022
32380,593.3133298126538
32381,598.3562044069472
32382,604.7675591666086
32383,809.9426230056476
32384,4428.39824580896
32385,7305.944423093548
32386,7523.742841786123
32387,7192.339170993923
32388,7403.474028972554
32389,7380.708293462373
32390,7380.121635516851
32391,7269.820967652777
32392,7392.295968079507
32393,7537.909240457762
32394,7538.754291722973
32395,7607.085058618381
32396,8194.140007246406
32397,8118.25643316131
32398,8136.4528230009555
32399,7028.85445028685
32400,2115.0994385990753
32401,2086.902567016821
32402,2033.51467240202
32403,2332.2898724073343
32404,4932.972192234007
32405,6510.607554812132
32406,6513.875474318779
32407,7221.252904955869
32408,7226.488909663931
32409,7204.960028853213
32410,7187.120572139992
32411,7300.064294435837
32412,7337.481032546419
32413,7317.50239883822
32414,7329.074922499956
32415,7311.317469825277
32416,7438.334926564305
32417,7424.186475897393
32418,7426.768797364115
32419,7057.180813165821
32420,7238.454592383629
32421,7191.913702235079
32422,5268.765466449631
32423,3959.450781801141
32424,5351.811170380109
32425,6006.871867375185
32426,6314.317251237981
32427,6065.773714567087
32428,6257.190281139145
32429,6114.317424031622
32430,5977.987797977816
32431,5959.366805437251
32432,5979.097967457777
32433,5783.828765086154
32434,5716.031433395409
32435,2698.677251174475
32436,1951.6612675005454
32437,1893.2845571259177
32438,1889.6781769794804
32439,1487.5602524110625
32440,918.8913105610462
32441,728.0472471070573
32442,730.0211627983065
32443,732.9538751960864
32444,612.5344478181933
32445,607.3434671614044
32446,603.4922859197288
32447,601.2338125535127
32448,599.8327510933545
32449,595.645520596534
32450,595.4920796969386
32451,595.1437239050156
32452,592.9064833387847
32453,591.5232251245961
32454,588.5382382461146
32455,595.7862152076792
32456,594.2216464920829
32457,593.3127002909282
32458,594.035066404451
32459,592.848219225946
32460,591.7532820258095
32461,592.9789174063277
32462,594.5635466167971
32463,596.2116704756821
32464,594.9255441259343
32465,595.8098042422987
32466,595.7885238460134
32467,593.6826874613707
32468,593.6869016820541
32469,596.8111898293016
32470,596.8347650277622
32471,600.4589945156135
32472,598.5432953725682
32473,599.3537514457189
32474,600.3788270250551
32475,599.086012589478
32476,600.9281609981095
32477,610.4591452891234
32478,613.0473649670624
32479,904.2973929366378
32480,4910.538492026459
32481,7678.5699878246405
32482,7821.021462200663
32483,7451.112905976382
32484,7233.064645596427
32485,7208.113590713774
32486,7210.765741284055
32487,7036.330919206051
32488,7065.323586743194
32489,7053.395564582882
32490,7264.261809028244
32491,7195.725123777013
32492,8017.926799813187
32493,7993.411667086592
32494,8002.70095029055
32495,6673.744827490198
32496,2054.107247233086
32497,2060.5413526772477
32498,1996.2161270336205
32499,2477.463354878248
32500,5099.288389435614
32501,6429.290586756756
32502,6579.272820918958
32503,7065.530693874606
32504,7116.947996661102
32505,7086.090360440998
32506,7086.821655166802
32507,6874.340569927037
32508,7024.734650914348
32509,6978.038992898354
32510,7003.421767676404
32511,6901.721121122192
32512,7121.1516639434
32513,7118.796799462025
32514,7124.662948245434
32515,6653.651408065371
32516,6756.5771962896315
32517,6682.49432521912
32518,4424.467883128081
32519,3536.998718971974
32520,4237.5492793406975
32521,4947.707479258194
32522,4160.044332248377
32523,4838.875077311825
32524,4956.6417235216195
32525,4772.465905083954
32526,4787.884570412455
32527,4556.316725973517
32528,4581.9399743378535
32529,4502.326857128509
32530,4406.460440129705
32531,1982.9841349232174
32532,1816.2020153820774
32533,1754.6684296770748
32534,1729.8966448458323
32535,1524.362174616016
32536,916.8575337675105
32537,725.5859758018021
32538,734.5942720142145
32539,725.4205978426962
32540,599.7528086455872
32541,590.0318321684974
32542,588.3696419077984
32543,604.261190118135
32544,603.0297518769902
32545,603.2877396770709
32546,603.2564384634634
32547,605.7854093831547
32548,603.9230059033207
32549,603.0188255293241
32550,595.6505907963534
32551,601.2598047791349
32552,596.1243187978655
32553,595.6274935717239
32554,597.8351708832514
32555,609.6287647214288
32556,609.7539333162745
32557,609.5233148357863
32558,609.515097288973
32559,617.0691480109538
32560,617.8998737571153
32561,618.4869451206565
32562,618.4787275738432
32563,619.7297060249307
32564,619.7297060249307
32565,619.7412846267749
32566,620.3534796937901
32567,612.8441314245973
32568,612.474048054415
32569,612.402676738097
32570,611.4452752978686
32571,613.2961358817744
32572,605.3342751124643
32573,611.6158196688253
32574,615.5152225946625
32575,819.5892634198959
32576,5372.849969988629
32577,8225.685340344318
32578,8434.939324425834
32579,8524.972655818758
32580,7762.512150698538
32581,7789.174724385019
32582,7783.753641630823
32583,7532.834392273351
32584,7580.950925693109
32585,7582.759606696172
32586,7602.41791910625
32587,7410.592425511031
32588,8198.922224227914
32589,8322.350562585003
32590,8323.445142679711
32591,7042.0285071951275
32592,2010.2126127794418
32593,2047.056334343864
32594,2008.2204715329192
32595,2276.4123812436815
32596,4890.738848788625
32597,6402.775048806532
32598,6493.33757248113
32599,6741.300649520308
32600,6796.608112786819
32601,6825.203773676245
32602,6829.409243149185
32603,6889.887857914917
32604,6947.254673503595
32605,6963.482342465271
32606,6987.501863013709
32607,6807.103832658994
32608,6993.286476257091
32609,6973.579160119672
32610,6966.279489888597
32611,6316.585337058828
32612,6513.384113452182
32613,6365.175996187284
32614,4217.078500040138
32615,3840.098447914157
32616,5100.595031862453
32617,6042.387373637402
32618,5854.334190044786
32619,5663.326645599498
32620,5832.382222188103
32621,5697.944241765135
32622,5760.234032998916
32623,5396.968302682214
32624,5253.2833676921155
32625,5291.522249749561
32626,4373.764866588455
32627,2743.6661145387684
32628,2020.9153472494045
32629,1947.8838231512605
32630,1890.1846499083008
32631,1565.7423458064445
32632,932.4352483596878
32633,748.2076351653989
32634,768.5827887915168
32635,776.3671622878574
32636,667.6299530944892
32637,644.886442743291
32638,644.9979290886101
32639,624.6611809487275
32640,625.3398082365708
32641,626.0234927718794
32642,625.9626510385674
32643,630.4473801909571
32644,630.4362073094715
32645,630.8645440215088
32646,631.5839166530925
32647,631.5030350517054
32648,630.5355456257156
32649,628.2941334570324
32650,629.2959461831191
32651,624.7597911953254
32652,624.7597911953254
32653,624.262713022498
32654,624.262713022498
32655,623.5115230830969
32656,622.2779512034983
32657,621.7400634586289
32658,622.0824514628548
32659,633.0157359405932
32660,640.2944416363804
32661,640.5052452103496
32662,640.6513936929556
32663,640.1745913445279
32664,639.395067259939
32665,639.8546412192131
32666,640.3210921845945
32667,624.7079999716663
32668,624.6799213057682
32669,633.2071040505626
32670,635.4594044564479
32671,784.6667321108444
32672,5138.967043231721
32673,8328.97467253608
32674,8525.10135271829
32675,8101.214991178729
32676,7166.154694100171
32677,7230.7673603708
32678,7220.048033033278
32679,7138.566410514989
32680,7151.452505229197
32681,7144.669618056258
32682,7144.939472907801
32683,7150.156003986089
32684,7700.594173189152
32685,7828.819130271403
32686,7846.715106396958
32687,6540.82856098905
32688,1969.846616808112
32689,2023.2060643324357
32690,1969.9205442476477
32691,2232.090570214942
32692,4687.111961050344
32693,6284.817292332777
32694,6327.701398076403
32695,6878.15706472627
32696,6926.592990253854
32697,6935.663919819941
32698,6925.988224455581
32699,6712.267507804523
32700,6617.176832454674
32701,6706.920032722902
32702,6705.899103389607
32703,6840.590286529278
32704,6984.710035178165
32705,6983.582936174221
32706,7045.5695299542385
32707,6027.669816478267
32708,6222.869865472403
32709,5965.066894753659
32710,4293.426174021596
32711,4235.617586509896
32712,5854.297614952855
32713,6347.077789543956
32714,6208.717446796514
32715,6178.244134867782
32716,6268.70051125375
32717,6011.96714078612
32718,6098.805776875873
32719,5803.940090612668
32720,4851.772167415805
32721,4899.018762018017
32722,4574.377894823236
32723,2809.063438524242
32724,2113.8332528362503
32725,2039.95122637629
32726,2007.2605394559725
32727,1580.970898822828
32728,945.3759775201881
32729,785.7394326443497
32730,800.3880111514776
32731,772.2785292043773
32732,641.6553899575632
32733,633.0772500394977
32734,632.6698921671592
32735,608.9391471053893
32736,608.3192591172575
32737,609.4122021934063
32738,609.2855387823284
32739,618.5502978482373
32740,619.003103031079
32741,617.9163786671497
32742,617.9163786671497
32743,615.4745905739404
32744,614.4350710985859
32745,614.3215498671169
32746,614.0230021567584
32747,622.8115185462574
32748,619.7813516993475
32749,620.7605992648531
32750,622.0623636036084
32751,617.0065396155743
32752,617.1638847043529
32753,618.5103565570702
32754,618.5103565570702
32755,626.2267090492207
32756,629.1182974919983
32757,631.3240146274923
32758,631.0247698426775
32759,618.1270553397655
32760,617.7957914869103
32761,617.8134697132027
32762,617.7007355082327
32763,623.976930090256
32764,624.6389935985153
32765,628.5721938800522
32766,622.2587696449814
32767,795.2967760823396
32768,1975.908920221487
32769,4189.9830082256
32770,4279.21480300876
32771,3268.379273690407
32772,4642.7513881626355
32773,4629.947594275196
32774,4617.328722847658
32775,4618.219292507065
32776,4446.19502880301
32777,4435.054366571062
32778,4472.971098594271
32779,4271.337584066482
32780,4691.660540892776
32781,4760.729545021756
32782,4932.728526959399
32783,3323.1549838528395
32784,1522.9767863842433
32785,1583.4504242529893
32786,1587.1087068920901
32787,1538.5291978335715
32788,3122.7189771423455
32789,3968.4747511282935
32790,3876.5685326892744
32791,4592.98616038416
32792,4633.615505121548
32793,4541.627314425167
32794,4538.817160621793
32795,4578.301022132474
32796,4714.6674668007645
32797,4721.382880490688
32798,4782.002664260392
32799,4780.9553978192125
32800,4705.3968234839585
32801,4618.302554030392
32802,4669.730918334006
32803,2163.4432807032535
32804,2703.440057803762
32805,2892.446130558229
32806,2830.3773140775843
32807,2808.6048562620413
32808,2109.1623732276653
32809,1929.0405857424887
32810,2352.331076210272
32811,2923.6631368089043
32812,2981.8528146721906
32813,2976.0232576403187
32814,2989.6750339169
32815,2874.1675182911963
32816,1831.1336663486584
32817,1742.618210849637
32818,1719.8041219118097
32819,1496.5120940915351
32820,1416.8362096138253
32821,1437.8462006579864
32822,1428.7705271565553
32823,1380.733576313368
32824,901.8893827078022
32825,706.547851099659
32826,705.9845686229246
32827,690.2186828919682
32828,568.3156758423245
32829,567.2115027950703
32830,567.1802015814627
32831,572.76110766216
32832,571.140849513497
32833,572.7528806330437
32834,572.392503080442
32835,568.182446359912
32836,569.5667717795313
32837,568.6074002945968
32838,568.6074002945968
32839,574.8761092422221
32840,574.5956685162446
32841,574.6664371755205
32842,573.8763963989713
32843,577.8347788005398
32844,576.8674760602081
32845,574.9274084671188
32846,574.5920400625137
32847,581.6256793069339
32848,581.5511900402654
32849,580.8921060832577
32850,580.5562018215114
32851,575.3312502186002
32852,574.4938870300251
32853,574.7215426237844
32854,574.0387619132167
32855,575.3376194900345
32856,575.0884303916978
32857,575.0376815706752
32858,574.9340144983667
32859,577.6724618172381
32860,577.0807735356027
32861,578.8949834823634
32862,580.8543498991849
32863,811.931726268208
32864,963.6690308370495
32865,1292.491761719893
32866,1322.359065995327
32867,2113.1623878145183
32868,1855.090178278907
32869,1848.8837023933158
32870,1848.1831375603754
32871,1753.865151853415
32872,1756.9494593320549
32873,1746.0048175460013
32874,1739.5870004360115
32875,1233.6497273830591
32876,707.9917719248516
32877,696.0055019518786
32878,698.1574465589658
32879,765.3856285144403
32880,1238.2766943402041
32881,1363.5031901171863
32882,1368.9796575812488
32883,1472.277186003038
32884,1506.0598345063083
32885,1650.9425884596753
32886,1643.5935993567186
32887,1640.7009262524787
32888,1595.5154632233982
32889,1607.4206614954383
32890,1637.091376890692
32891,1696.5781648750938
32892,1691.8656716812452
32893,1710.0374989747013
32894,1710.9008853730127
32895,1704.056279319482
32896,1693.6582050078391
32897,1693.570804149187
32898,1702.7112623504818
32899,1677.3107136717585
32900,1684.689154577535
32901,1678.5743175498062
32902,1664.2209886437067
32903,1377.0161631083704
32904,861.8665997993504
32905,853.9026959975745
32906,1071.676272453476
32907,1554.7725280546329
32908,1547.3500056100809
32909,1547.1441995502967
32910,1544.7540915777686
32911,1684.4009310098988
32912,1667.5944316518057
32913,1670.681400203142
32914,1675.8518863782356
32915,1681.5107529910313
32916,1658.0747451047976
32917,1658.9084882594884
32918,1654.841912284636
32919,1489.0501848376066
32920,949.3430235077248
32921,617.2283512083202
32922,613.384039414504
32923,551.7712019843364
32924,549.2412663158116
32925,549.0252392124072
32926,548.3100775623126
32927,569.3621968480658
32928,568.3889345719201
32929,566.7330000523341
32930,567.1178958144716
32931,573.800581737385
32932,572.2028040465441
32933,567.6789560688336
32934,569.6131904652577
32935,573.0222779654725
32936,573.0587719157844
32937,572.9635630007333
32938,575.1065178775514
32939,570.9382043654481
32940,570.5179077212416
32941,569.7920507019946
32942,570.7227466389203
32943,577.6179318483618
32944,574.9673710329407
32945,575.9190943628307
32946,575.8032697335882
32947,574.9057444559165
32948,574.5578194805289
32949,574.9192443689058
32950,576.2471455883575
32951,571.4135999804545
32952,571.2454646823264
32953,570.9107079355172
32954,570.6996562132365
32955,582.2357962998758
32956,581.5274108670847
32957,596.2448433404448
32958,597.5985540496778
32959,733.093574111796
32960,4494.949196186815
32961,8460.027586883181
32962,9110.485825674996
32963,8479.842410120744
32964,6896.567271572716
32965,6830.567744497244
32966,6953.825797504623
32967,6773.134270506092
32968,6980.010560141196
32969,6980.2229307655025
32970,6962.7756767744195
32971,7372.206094826568
32972,7947.774178983065
32973,7957.269765604931
32974,7936.833593392227
32975,6750.273548284878
32976,1952.34773029196
32977,2063.8077129779185
32978,1778.4258712061396
32979,1773.842225041446
32980,4982.735731779845
32981,6392.233006746148
32982,6345.940452356908
32983,6753.471049305565
32984,6688.398885013788
32985,6712.904460329621
32986,6710.5443889643475
32987,6611.3871060844895
32988,6729.339791310538
32989,6707.4076236670835
32990,6717.488401873124
32991,6752.292675789783
32992,6923.90740058238
32993,6916.4786748000715
32994,6890.733398519591
32995,7047.389350851616
32996,6960.395227808612
32997,6987.649871371089
32998,4202.149925520713
32999,3362.709465971409
33000,5484.522150212801
33001,6026.072471987079
33002,5659.1345218035385
33003,5103.153811864359
33004,5451.092200273126
33005,5145.827644689258
33006,5333.856108180157
33007,4965.870086605992
33008,5419.719882270065
33009,5399.255261059688
33010,4959.818776742053
33011,2652.9366412688996
33012,2091.172349124875
33013,1801.0622858805032
33014,1723.1220050118288
33015,1627.0972212575782
33016,927.3235279775965
33017,710.864513684443
33018,718.0803839181189
33019,749.1509831287668
33020,635.5439135559772
33021,629.4053655148068
33022,629.1332193668417
33023,613.3562138774261
33024,612.0269891148972
33025,612.7131374237061
33026,612.6660457528225
33027,597.1245463524764
33028,594.6415903166753
33029,593.533791176174
33030,591.1609551014428
33031,613.3517999473713
33032,613.8621368917064
33033,610.9903638291846
33034,608.7374914441403
33035,608.8539954880177
33036,599.0905424205624
33037,600.0589392794287
33038,599.3247209464563
33039,594.6633703457029
33040,594.2158084752612
33041,597.2999395828206
33042,597.2831505676704
33043,605.451123533804
33044,606.4720699416943
33045,606.6269955989544
33046,607.0505205794655
33047,608.655437837887
33048,608.2420108479214
33049,607.6232077333021
33050,606.3436233878826
33051,597.4959249165739
33052,596.164181029432
33053,598.9935070530918
33054,601.2122823064828
33055,909.4385448739461
33056,5771.470060228621
33057,8853.9463013515
33058,8923.500465576093
33059,8007.198282603064
33060,7612.106105848213
33061,7606.576404996356
33062,7676.214297127838
33063,7439.838761438223
33064,7571.1779256375985
33065,7538.335738581085
33066,7551.322835095487
33067,7783.26148116333
33068,8473.718451587236
33069,8479.022217308187
33070,8471.776206631657
33071,7441.552794389456
33072,2002.8574044479947
33073,2059.4500132257317
33074,2019.7122285773617
33075,1758.569149601683
33076,5266.04726034674
33077,7112.877813181683
33078,7094.7469858324175
33079,7423.330099820757
33080,7498.664910846673
33081,7425.581083072244
33082,7473.034841821236
33083,7495.9846286046995
33084,7550.726862062407
33085,7474.402119432461
33086,7539.875744408384
33087,7566.576330876265
33088,7622.0831437327615
33089,7580.1260347958105
33090,7584.989591576719
33091,7782.909374130413
33092,7958.75333203973
33093,7934.08234591106
33094,4576.157970315748
33095,3765.3526287884297
33096,6371.26623029552
33097,7527.949911376041
33098,7144.867510418937
33099,6929.162451983496
33100,6940.260506037783
33101,6639.04831616694
33102,6866.73564264521
33103,6820.094691942284
33104,6901.269643890131
33105,6890.108043936276
33106,5662.865963412602
33107,2727.085959138019
33108,1950.4437493821229
33109,1821.300281048943
33110,1795.0899752808455
33111,1516.0050621883395
33112,937.1284052950842
33113,753.7310771364059
33114,756.3707975946417
33115,755.7735674431617
33116,621.7441584670057
33117,616.5864310106248
33118,615.6498171125071
33119,604.0415163708681
33120,603.0342481929847
33121,605.7460057497764
33122,605.8253107486044
33123,608.3458432183605
33124,607.7935932180914
33125,599.7833319778313
33126,598.2482513854245
33127,599.004300847304
33128,596.9928093860774
33129,597.3395070295257
33130,596.8485727504075
33131,594.346887137656
33132,594.4440071081652
33133,594.540700086699
33134,594.0082925315605
33135,590.6027102002881
33136,591.3308170151347
33137,592.8258847883191
33138,590.5316875549158
33139,591.0364789366971
33140,590.797000196708
33141,595.6030362777062
33142,595.6881406911314
33143,598.5951546684853
33144,598.1565457928521
33145,597.7035177844897
33146,597.495503740848
33147,600.9811979666802
33148,598.5044049693912
33149,608.9164887930632
33150,611.9530226568903
33151,877.986769532338
33152,5800.437559729363
33153,9143.786829277444
33154,9188.348263846543
33155,8112.861960200899
33156,7489.755745445087
33157,7541.196715430999
33158,7526.474142873564
33159,7364.190129398121
33160,7220.390309753016
33161,7237.5681450273805
33162,7233.921230339721
33163,7411.791584702558
33164,8028.40959574993
33165,8082.05375648129
33166,8073.870011675384
33167,7044.538713358548
33168,1978.7263187137328
33169,1744.8291787559654
33170,1727.3350032521193
33171,1822.1067308301153
33172,5005.335514522866
33173,7046.033306685762
33174,7063.886092830519
33175,7218.413906779204
33176,7271.120394770147
33177,7279.432887976733
33178,7292.926328396027
33179,7028.307568877114
33180,7083.343684056835
33181,7140.240927346951
33182,7186.032979974954
33183,7194.133388155289
33184,7298.691771198166
33185,7392.508086437042
33186,7377.925775575795
33187,6985.285450898066
33188,6181.07651119367
33189,6110.49240064768
33190,3876.3574323252797
33191,3388.1490605363347
33192,4482.186409572565
33193,4644.34570061917
33194,3887.9431581319495
33195,4336.0847925975895
33196,4432.378848263604
33197,4452.937315067767
33198,4448.765369457717
33199,4208.216440337583
33200,4633.737854445087
33201,4599.033740878672
33202,4503.023122225051
33203,2158.0186089288095
33204,1739.7993280863811
33205,1706.7790812200776
33206,1701.2656266117338
33207,1573.282148540935
33208,949.5532195751606
33209,733.2127832019532
33210,735.5807184858742
33211,738.7364306219254
33212,600.7390901298857
33213,595.8131599371962
33214,594.0614121622829
33215,597.7619863754896
33216,596.6360509164308
33217,593.117851714705
33218,593.1807341611927
33219,597.3308822907168
33220,594.762156705522
33221,591.0442874601786
33222,590.9593077249401
33223,591.4936330661488
33224,591.5196262902878
33225,591.2063830939697
33226,591.1693813793706
33227,606.341777721116
33228,598.9347066915993
33229,598.92808070856
33230,599.5788485225864
33231,603.6986466551789
33232,604.6405025347894
33233,604.7002226506631
33234,604.8884666722024
33235,608.0372636737554
33236,614.5869072178666
33237,614.6229341226407
33238,614.9054530244728
33239,609.3603282530216
33240,601.5913147499666
33241,601.6536203651577
33242,600.8164327340307
33243,600.5442827912102
33244,600.7085825094848
33245,607.9875357264899
33246,611.1322234176871
33247,829.717709276067
33248,6108.496847308835
33249,9288.637797864592
33250,9286.334153770993
33251,8508.99382812724
33252,7819.496918156123
33253,7865.084607980889
33254,7875.896181234341
33255,7494.317458146226
33256,7590.741162898422
33257,7580.917276279284
33258,7600.107968010772
33259,7499.4867725256045
33260,8205.587484606676
33261,8176.106071590162
33262,8183.7911692212965
33263,7278.666544955637
33264,1959.115376571113
33265,2011.2747977774843
33266,1718.6800131300433
33267,1731.1176342464291
33268,5008.0085823459
33269,6859.143471557965
33270,6831.737065603662
33271,6906.545230508751
33272,7007.428516046255
33273,7037.77140096431
33274,7049.6744633578965
33275,7096.13720663335
33276,7137.09228370668
33277,7168.224609356949
33278,7174.443660584054
33279,7080.364314529037
33280,7181.229498981849
33281,7169.858341261967
33282,7154.610165089333
33283,6729.3435491372875
33284,6678.989145336795
33285,6369.664774040878
33286,3712.0773933904447
33287,3505.763529226101
33288,6184.970210495252
33289,6728.371146097143
33290,6321.7371694763115
33291,6054.454917602763
33292,6073.745024477945
33293,5881.222433270874
33294,6014.233120279482
33295,5857.404234383573
33296,5173.765960937354
33297,4794.402015678903
33298,3991.3725930210735
33299,2712.0025423602856
33300,1868.130758716617
33301,1819.280095499767
33302,1790.4493418271884
33303,1628.466777230441
33304,961.0356108195508
33305,753.682681963828
33306,772.0999803609166
33307,762.5225816397585
33308,654.0785566221211
33309,648.2930532614796
33310,646.8811190482564
33311,624.2909609518675
33312,625.4465963007848
33313,626.9044872069467
33314,627.2253707280047
33315,634.3759216877713
33316,635.6012260001071
33317,631.3276266881716
33318,634.2168757847875
33319,630.3976894131085
33320,629.1299511240071
33321,627.8506416410935
33322,627.8709669264741
33323,625.8051364601747
33324,625.8051364601747
33325,625.3714895826974
33326,625.3714895826974
33327,634.2999450254953
33328,626.6804899723764
33329,628.3582565536811
33330,629.1643827052196
33331,636.4445089336801
33332,644.2007638933571
33333,644.7089143925642
33334,644.570656602082
33335,639.2457429324813
33336,638.9558176936218
33337,638.323192540893
33338,638.0919265927469
33339,634.6155225884613
33340,625.7476729697057
33341,626.5642348905648
33342,634.5314282168737
33343,775.7564404934584
33344,5646.158572913071
33345,9043.10761204251
33346,9063.509526572054
33347,8092.377494366901
33348,7323.79775563327
33349,7321.009409797858
33350,7319.099005190516
33351,7183.860326868981
33352,7180.18076283774
33353,7198.557557298209
33354,7179.386563300919
33355,7325.445026742913
33356,7973.492923276041
33357,7964.940459801017
33358,7964.422420076904
33359,6859.558110607438
33360,1908.1305576307059
33361,2016.4354674134222
33362,1735.5373068489048
33363,1773.99678593756
33364,4794.784974576747
33365,6690.257395110392
33366,6817.510321076729
33367,7175.043955280677
33368,7183.936509408071
33369,7198.607606578927
33370,7196.687226023628
33371,6933.584563249593
33372,6986.906653184679
33373,7046.116117764871
33374,7092.1593147152835
33375,7207.751254122023
33376,7285.042315047815
33377,7263.338784330568
33378,7232.924076499961
33379,6284.81507818889
33380,6077.175396757765
33381,5869.242802787509
33382,3759.5377529431985
33383,3789.257232823445
33384,6430.477011144458
33385,6839.3657481224855
33386,6606.627281948881
33387,6739.458302139626
33388,6805.6610330207595
33389,6456.303267048875
33390,6708.6947648973655
33391,6482.637859987088
33392,4854.205216262685
33393,4703.257605880531
33394,4464.753997443235
33395,2839.3550388217386
33396,1798.0410422872937
33397,1729.596051045088
33398,1666.3459044296787
33399,1620.614760964239
33400,993.4183901699301
33401,780.4636962559789
33402,793.6150519267433
33403,740.062000039637
33404,620.082735737258
33405,613.5123384192665
33406,613.5041208724532
33407,604.4213838183048
33408,607.650402711897
33409,605.816021086399
33410,605.8193259451783
33411,602.2958665957126
33412,596.2664526289685
33413,595.1784503718299
33414,598.013815428294
33415,604.9721434658895
33416,607.4276573845946
33417,608.1796761790116
33418,608.3362437616258
33419,616.7439306138008
33420,616.3777084503499
33421,617.1997646234743
33422,625.3960153355316
33423,615.2381775836448
33424,616.2459711148721
33425,617.0876191547741
33426,617.0696911740715
33427,623.4570646308732
33428,621.6937263468883
33429,621.962398026887
33430,629.2293079833336
33431,628.5437081385445
33432,619.3138042344709
33433,618.2772618994057
33434,625.3586903682422
33435,627.3895113988141
33436,620.1739322557971
33437,622.075460339541
33438,625.5998332060658
33439,741.5224948832455
33440,2505.787326616096
33441,3357.892913311971
33442,3429.7677777968593
33443,2871.9377139321273
33444,2252.2017308697305
33445,2129.216595677039
33446,2133.271841675062
33447,1888.1912031689872
33448,1843.0686762416249
33449,1895.042179933448
33450,1894.711236687525
33451,1189.4437732408792
33452,863.801385226697
33453,894.2024034164536
33454,894.3794553746359
33455,796.3485103093846
33456,1275.9737530592615
33457,1343.6253441158735
33458,1344.4850900730241
33459,1554.9415517710345
33460,1648.6907442283714
33461,1646.508795321745
33462,1632.4262391239122
33463,1798.3543901761882
33464,1831.792111034072
33465,1726.5269880161432
33466,1730.88295977419
33467,1747.8569045992517
33468,1837.6623399402451
33469,1728.1276259269318
33470,1792.0475086044153
33471,1821.9457890778735
33472,1894.4553386431874
33473,1866.1284601812222
33474,1880.2008956079053
33475,1748.9664263790464
33476,1765.9192874638954
33477,1781.2431885615276
33478,1748.7736188627055
33479,1432.6636436167673
33480,860.256925164411
33481,817.2293616949568
33482,1070.7629582674172
33483,1585.4828275883365
33484,1608.566223122849
33485,1602.9436018783122
33486,1592.2011547317397
33487,1705.5462964690146
33488,1715.3089169224843
33489,1693.5474401638571
33490,1693.0198226428283
33491,1649.262471996655
33492,1664.7580776287896
33493,1656.9173314395146
33494,1652.169284508359
33495,1530.5423886671776
33496,1224.791216190567
33497,783.5807471110422
33498,785.3239403782825
33499,568.3737147882412
33500,570.1613255575298
33501,566.0144466914483
33502,566.6181659819083
33503,559.9648436330291
33504,560.3250286971157
33505,562.5616961056999
33506,560.7293334936951
33507,562.3692379149383
33508,561.1994903036539
33509,558.0021362943188
33510,558.6005446597013
33511,572.2467716521062
33512,571.5837325309708
33513,574.5126306808662
33514,573.6655538867
33515,574.0473387099955
33516,574.5505707815365
33517,574.8970092081706
33518,574.0067176326436
33519,577.2180266318854
33520,578.1146926600526
33521,582.2844383866205
33522,582.5741928495713
33523,582.1162756353864
33524,582.1162756353864
33525,581.7748865382576
33526,582.3272556703768
33527,585.1300972626955
33528,585.1143407587921
33529,585.2754162224604
33530,585.605182019212
33531,573.7504627161718
33532,573.397251293393
33533,576.0654547728143
33534,582.3242046387115
33535,798.0113138185285
33536,1084.0265123524473
33537,1499.4267484896172
33538,1502.8022167442357
33539,1944.7301322485152
33540,2786.9792074856914
33541,3008.759424728926
33542,3008.759424728926
33543,2662.081731594921
33544,2558.64169129243
33545,2720.2601284424
33546,2737.0582386165856
33547,2315.3956009625517
33548,2237.3997057206034
33549,2250.081896713338
33550,2253.8074626788107
33551,2223.157280211846
33552,1671.1440160670961
33553,1735.6253744458627
33554,1750.1004982210525
33555,1919.0557963276872
33556,2533.57744085127
33557,2574.728909728262
33558,2572.8746859912458
33559,2729.311102112395
33560,2639.8397508862995
33561,2588.4125416981333
33562,2563.1811591917744
33563,2508.305599496344
33564,2470.6288134740976
33565,2472.3313977264634
33566,2475.9712279137493
33567,2379.5968194262377
33568,2317.814391822029
33569,2294.1813430226107
33570,2286.6942184497575
33571,1670.1615351310659
33572,1632.6470884305268
33573,1621.1347140315602
33574,1630.3289855996404
33575,1497.9509619308465
33576,1009.6945812243532
33577,985.4864242776689
33578,1272.727931115455
33579,1667.5638554652637
33580,1629.346649795608
33581,1659.5234690149957
33582,1655.2123227794664
33583,1675.667226617675
33584,1533.012876825877
33585,1546.9404755390851
33586,1535.5541575981752
33587,1437.0504357315554
33588,1416.0425742500395
33589,1410.9238972917328
33590,1407.249455544416
33591,1260.3274693172052
33592,874.663630933254
33593,679.6726942037819
33594,681.6723579487702
33595,1058.879148066132
33596,546.7474623628096
33597,539.6573700348994
33598,540.0079311547028
33599,565.8919505937926
33600,566.2917201352755
33601,566.0985594439014
33602,565.9068696226273
33603,569.3160525710241
33604,569.7390879633407
33605,569.4684045522532
33606,567.7852401220975
33607,574.9327856868317
33608,570.5958943808675
33609,570.3986384554685
33610,574.9250867279618
33611,568.5349363360045
33612,570.0120390581662
33613,565.7890789991984
33614,569.9289232917723
33615,572.2079997885086
33616,570.0364374073919
33617,570.4841658281074
33618,569.8783991459712
33619,571.7082458476702
33620,571.7803861951489
33621,572.1407637477506
33622,572.2472279691216
33623,571.6465818155925
33624,571.3726230136467
33625,570.9534473321563
33626,570.3846916155211
33627,572.1852594205735
33628,572.0134836028315
33629,581.8292670201126
33630,589.5490054829622
33631,778.207490696747
33632,5233.20987833666
33633,8829.88960643633
33634,9335.289795519937
33635,8400.065664904178
33636,7729.885442732686
33637,7669.542081196949
33638,7625.231949777503
33639,7382.553328435054
33640,7520.340220985512
33641,7494.3466327720225
33642,7441.645434321578
33643,7461.102885396834
33644,7841.53052567696
33645,7929.315345876981
33646,7951.731233147208
33647,6764.225116809057
33648,1690.4472343327898
33649,1784.4257825309278
33650,1759.1318030524253
33651,1799.9833013748046
33652,5210.038032406532
33653,6777.846795595234
33654,6779.628322373628
33655,7177.305598452359
33656,7153.436980590004
33657,7080.0844060774425
33658,7087.497766067667
33659,7179.203053795056
33660,7186.055509708547
33661,7102.561468701117
33662,7097.402418894771
33663,7213.008703906806
33664,7262.289341067393
33665,7250.420357621068
33666,7256.097349844906
33667,6979.119090667949
33668,7172.530407767736
33669,7096.788771290166
33670,5231.737293161539
33671,3609.0425340353668
33672,5523.7836503469925
33673,5632.5604546527375
33674,5366.613150209321
33675,5343.88620267647
33676,5338.237883769922
33677,5312.6363265410555
33678,5397.694517480949
33679,5243.352971548322
33680,5208.405973768239
33681,4859.956459721068
33682,4391.073630807438
33683,2632.364759013465
33684,1808.136049475555
33685,1735.5738284431443
33686,1715.6709900583455
33687,1608.3983988085376
33688,900.9164819079967
33689,684.2253329601193
33690,692.4432693745097
33691,706.4934881329218
33692,635.2438226479183
33693,625.5469140972308
33694,623.6763908537743
33695,595.1893028326331
33696,596.7747810207928
33697,598.9072676818018
33698,599.1187908300125
33699,601.7023095934583
33700,593.5787293122391
33701,593.1942433410975
33702,592.228352474596
33703,604.140276734014
33704,603.1170435698969
33705,603.217885071369
33706,604.7138194898126
33707,604.6305841012359
33708,601.2415689116142
33709,601.6131876576769
33710,602.5522454498945
33711,603.0479074253788
33712,601.5558019168727
33713,601.2999097420837
33714,601.5113751592569
33715,605.5416867954565
33716,606.7737732962946
33717,607.2728055030906
33718,607.7308139809509
33719,603.9902226031177
33720,604.496963448975
33721,605.3606613156879
33722,605.8603164988317
33723,603.305765910789
33724,603.3604709687762
33725,609.5018303020915
33726,610.5851888196293
33727,703.2344332320786
33728,5183.018599369139
33729,8635.427082227809
33730,8704.108154975893
33731,7607.123355048187
33732,7628.930975393228
33733,7582.93043185635
33734,7542.650971591008
33735,7339.967074173772
33736,7426.7083110120175
33737,7355.440181058177
33738,7356.301335139358
33739,7741.984523456267
33740,8385.192969303847
33741,8392.003490041096
33742,8473.54677702981
33743,7326.191031929309
33744,2120.8266062968314
33745,2048.69908528973
33746,2002.2564740732855
33747,1716.9842358563126
33748,5278.105255664821
33749,6945.283198347816
33750,6967.0493886332515
33751,7270.764179826305
33752,7303.661796436876
33753,7252.130730364121
33754,7276.151490583427
33755,7398.788008144309
33756,7444.1883332055695
33757,7404.303636969714
33758,7405.990433310407
33759,7387.7583625749985
33760,7440.597019070938
33761,7412.732849645898
33762,7306.503343219866
33763,7160.037621518801
33764,7164.314462517855
33765,7090.57059478647
33766,4756.353102883032
33767,3752.34281703155
33768,5940.407293199115
33769,6324.46790760905
33770,6205.260292159757
33771,5679.9628616345835
33772,5517.572895025113
33773,5387.225589402773
33774,5451.290519382364
33775,5427.863487180418
33776,4949.529092729994
33777,4785.359700758492
33778,4298.785158099003
33779,2647.45400177708
33780,1919.9009071974956
33781,1824.8826584868411
33782,1806.7033285944378
33783,1651.2288233945112
33784,928.7702028532469
33785,789.477490500371
33786,805.6886161540282
33787,753.9860176753439
33788,602.7986265624069
33789,595.3298907245287
33790,597.5717901864142
33791,609.2839773924755
33792,611.6378658305246
33793,614.4465984616818
33794,614.3997672026728
33795,624.6596624466997
33796,624.9699978574272
33797,624.9146663999477
33798,624.9064488531344
33799,615.5051383757558
33800,611.3427963885516
33801,612.2871669419998
33802,612.2789631879887
33803,612.8589934018206
33804,612.4411143348141
33805,612.414503197924
33806,614.0961101208798
33807,611.6213521214094
33808,612.7409149350794
33809,613.0285773956294
33810,612.9397756680554
33811,607.5820202007661
33812,607.7230318162317
33813,608.871281713558
33814,609.3546858726747
33815,618.514597591176
33816,617.5324567019161
33817,618.6517168159419
33818,618.4720779796618
33819,613.6913932452148
33820,613.6517776951669
33821,620.3713391643029
33822,623.1267531251414
33823,822.949563857746
33824,5621.366649287732
33825,8941.606981633871
33826,9109.812507811774
33827,7892.86189629032
33828,7658.1284215899905
33829,7634.727764564353
33830,7631.67487505721
33831,7402.442953355338
33832,7233.838343812011
33833,7223.605624077995
33834,7259.713630395969
33835,7495.067796437009
33836,8065.851935724269
33837,8080.538075932797
33838,8100.710473020678
33839,7148.6820373733935
33840,1747.000742940273
33841,1860.6439673998798
33842,1845.402564901648
33843,1946.3482259840625
33844,5118.308909007934
33845,6710.255848290315
33846,6924.612104098969
33847,7264.22966786327
33848,7266.803047748877
33849,7241.105911225326
33850,7224.239847942255
33851,7005.668927295855
33852,7070.814750324953
33853,7037.616770096175
33854,7082.518367552928
33855,7020.4568956891035
33856,7081.526394070614
33857,6955.5214723649515
33858,6964.2036890232375
33859,6575.203881935759
33860,6540.375334100058
33861,5940.477380729624
33862,3861.5619896374556
33863,3330.112175232769
33864,3880.0156020892214
33865,4151.792901461749
33866,3840.3055623197138
33867,4171.834609697116
33868,4096.538365532659
33869,4172.769091635379
33870,4157.080274630222
33871,4234.852794422131
33872,3815.0924862510633
33873,3599.9512135281348
33874,3605.446797413857
33875,1887.922016018628
33876,1886.1960718481412
33877,1861.8316704759422
33878,1912.4552769399202
33879,1690.742254298603
33880,952.6239041851676
33881,776.1347354573834
33882,782.3380617335628
33883,742.1882976494019
33884,609.3643891440809
33885,597.3572023120284
33886,595.2258343718178
33887,619.9537417201709
33888,621.8075878072741
33889,625.1281723252151
33890,622.5220036092772
33891,630.7700503643438
33892,634.6614942098122
33893,633.6140853023885
33894,633.6613352217995
33895,632.8363944262758
33896,624.7937287410576
33897,632.9402053395727
33898,626.1124038502667
33899,637.4973434718538
33900,636.502548933888
33901,637.4895693646642
33902,637.6249107813443
33903,649.2307680096351
33904,651.2348424260458
33905,651.5515184636888
33906,644.7154994275695
33907,646.8779616123156
33908,648.886862982525
33909,647.3687919308978
33910,648.8926888046249
33911,648.7750580997056
33912,647.3504920416256
33913,648.6470287195639
33914,648.4951098839135
33915,635.5474037681114
33916,634.8997605737386
33917,640.6311731922237
33918,643.4971494811639
33919,733.8259995084903
33920,5961.3263745446075
33921,9206.13736101992
33922,9361.750988347601
33923,8495.703129967518
33924,7821.9560673840715
33925,7796.830179665158
33926,7796.3594712915965
33927,7503.562092027626
33928,7624.640515917883
33929,7632.46010559507
33930,7660.541977400364
33931,7685.464774782012
33932,8378.566377152836
33933,8428.512159892773
33934,8433.209926377773
33935,7452.680911943318
33936,1963.4255549065851
33937,1809.7368906782076
33938,1801.1225380176068
33939,1752.024938131413
33940,5173.964550239876
33941,6871.595701030392
33942,6877.582421811247
33943,7111.769173295606
33944,7162.210704467091
33945,7146.769076331389
33946,7146.782279499304
33947,7182.0479228520235
33948,7276.624879365103
33949,7372.176123433046
33950,7275.763343894259
33951,7234.0443763045905
33952,7337.444705434643
33953,7242.0663896690785
33954,7158.00989632167
33955,6224.053309240333
33956,6571.441949977017
33957,6316.600003655683
33958,3667.61211482422
33959,3682.107094030275
33960,5989.833733565351
33961,6356.525721790969
33962,6154.712783497833
33963,5517.593992748678
33964,5665.071205618538
33965,5497.224412711635
33966,5694.416513151665
33967,5513.351359882386
33968,4391.188953891575
33969,4414.479182471967
33970,3856.5168861963175
33971,2544.8835406370645
33972,2028.0748676435473
33973,1751.1246445887334
33974,1716.2591693586155
33975,1767.5157534554007
33976,991.653312235055
33977,831.0362578678092
33978,873.1032242639956
33979,819.5987540318407
33980,628.2383610394684
33981,621.3241968674754
33982,622.0787217349417
33983,626.1127728044953
33984,626.0433893646297
33985,625.741316165356
33986,628.7053884108544
33987,624.3479238492098
33988,624.0997512450996
33989,624.8849681390994
33990,627.9419248316051
33991,620.308959770398
33992,620.2970045466378
33993,620.2899949094474
33994,620.2899949094474
33995,615.8918308559424
33996,614.534377777749
33997,616.8581424177639
33998,616.8581424177639
33999,631.8683115839561
34000,632.5621305172489
34001,627.5673707992432
34002,627.3467663542535
34003,625.4009401672793
34004,627.1506381056081
34005,624.725552337155
34006,624.725552337155
34007,624.3871670185096
34008,624.438411902315
34009,625.1172129861692
34010,625.7629340498872
34011,621.7688314301711
34012,622.4173757257663
34013,628.2756832429183
34014,628.2702714491841
34015,687.5028289967969
34016,5563.837948565211
34017,8939.600101793318
34018,8977.870413080775
34019,7764.405768474493
34020,7226.001349927987
34021,7218.304550065319
34022,7213.526553597095
34023,7171.707965583182
34024,7173.091402784824
34025,7172.746161959209
34026,7182.033780264075
34027,7407.426881746624
34028,8145.5056006390805
34029,8190.055000548781
34030,8176.2013026875375
34031,7018.020728902611
34032,1864.004145423978
34033,1737.3162479651621
34034,1704.8380430794004
34035,1667.0054050326435
34036,4870.991662718032
34037,6631.454443723465
34038,6662.609219827333
34039,7159.75983637068
34040,7201.98556763941
34041,7155.689241189875
34042,7260.593234339316
34043,6935.6253961304765
34044,6963.634365393024
34045,7057.0558579056
34046,6996.953168765447
34047,7189.453102556898
34048,7202.699297557265
34049,7269.976855526232
34050,7364.442419753908
34051,6369.251641228758
34052,6283.925832139901
34053,6120.084442936296
34054,3656.4842985682703
34055,3633.8748785002417
34056,5829.090856983557
34057,6262.554862290958
34058,6058.94047561181
34059,6142.383058877545
34060,6171.54603208608
34061,6031.818659296454
34062,6114.713169052624
34063,5620.3598553580405
34064,4105.469290043034
34065,4090.0720090291934
34066,3678.759100170018
34067,2620.7337779066347
34068,2048.1671969157587
34069,1875.801315464159
34070,1818.9578635353646
34071,1768.0637652118312
34072,959.9998356948769
34073,813.0900114636281
34074,852.3913349841398
34075,771.1261109177783
34076,625.799984594279
34077,621.086107614515
34078,622.7570284175958
34079,605.5510130092739
34080,604.61212373113
34081,608.0411030414815
34082,605.6031912741969
34083,612.6490365482665
34084,619.4268419098506
34085,606.7722239056768
34086,606.3821120676643
34087,605.9400349898115
34088,606.063267262054
34089,602.1606145144491
34090,601.5895449846977
34091,615.2736359130585
34092,615.3939331310957
34093,615.6217276116846
34094,614.8562093031353
34095,614.185295136237
34096,613.7044556559968
34097,613.9792148505089
34098,614.3763233031893
34099,613.825826009743
34100,615.6652713144545
34101,616.4329093790046
34102,616.263339542659
34103,619.3040054264883
34104,618.2247385615669
34105,618.0164741780609
34106,618.9149871510932
34107,615.5970860304668
34108,614.4393827727932
34109,621.5766142460448
34110,618.1463997085357
34111,735.9534765786375
34112,2536.1445048100195
34113,3479.958143764168
34114,3498.03287427365
34115,3216.728538216659
34116,2292.013920373642
34117,2214.1802280691572
34118,2214.7665858477626
34119,1940.0223879951538
34120,2093.812274347213
34121,2074.503293948222
34122,2069.1809195260767
34123,1273.3674926483013
34124,963.4361556170743
34125,981.6941955846892
34126,981.2415441138135
34127,902.1939471077108
34128,1385.991942497835
34129,1477.0939584275977
34130,1487.7614034271226
34131,1589.5049529120276
34132,1639.1460182027095
34133,1658.6572106147412
34134,1702.2958861335478
34135,1831.948950370596
34136,1735.2325238743283
34137,1761.6874644879995
34138,1768.5379185582633
34139,1716.8506208471676
34140,1759.3646289684748
34141,1745.8457526804787
34142,1741.913820281424
34143,1850.1228574435559
34144,1852.101103352065
34145,1829.1495296551484
34146,1855.078664915127
34147,1718.5323835971676
34148,1475.038925110797
34149,1525.396802028266
34150,1704.180769971074
34151,1386.6412637340868
34152,714.2321282084554
34153,639.0901282462552
34154,840.0880151118724
34155,1477.164912494239
34156,1492.452500590657
34157,1476.5174965419387
34158,1477.7919830892731
34159,1754.5417065044953
34160,1701.2766158975583
34161,1704.44523576457
34162,1702.9494945367687
34163,1781.1589706566815
34164,1776.1572212879933
34165,1730.006465017825
34166,1728.150972104615
34167,1378.3892803943836
34168,1089.5486734071933
34169,742.7147348130626
34170,743.5007952591241
34171,570.9064459652825
34172,567.6579361135655
34173,569.4009933113009
34174,569.3428013162546
34175,571.2315807259091
34176,571.2048619842213
34177,570.3112112748767
34178,571.349216107473
34179,563.6249612759084
34180,562.723841632127
34181,561.377517437013
34182,563.4879298649249
34183,585.9879669910038
34184,585.1411773405027
34185,584.6029487080474
34186,584.6029487080474
34187,580.870086843442
34188,578.1191394131608
34189,577.6537340799729
34190,578.8058079309428
34191,577.3817693113509
34192,577.6064820878153
34193,575.1369624409424
34194,571.2147317208796
34195,573.8630102574733
34196,573.5839829857011
34197,576.4417187835313
34198,578.585256253789
34199,564.4541626858116
34200,564.4594822241108
34201,564.4087334030883
34202,567.7865343019484
34203,566.1833848492756
34204,565.5258064263274
34205,566.2793283027529
34206,572.1984649433389
34207,766.4764602179054
34208,1197.8048767224188
34209,1374.2882378911215
34210,1484.9291584858283
34211,1459.5159308612301
34212,1586.9795044402717
34213,1593.0624851210405
34214,1593.83538834344
34215,1520.7065989475648
34216,1534.5048578004717
34217,1534.927931090379
34218,1513.0633079060074
34219,1099.0150880245128
34220,758.8713756876572
34221,751.7588830883038
34222,751.661422598436
34223,738.6753950951426
34224,1129.0905573088646
34225,1245.508168373096
34226,1311.9567213921714
34227,1464.0535311510323
34228,1479.4590845078046
34229,1570.6513152083505
34230,1572.062775554698
34231,1639.3165719735734
34232,1655.2885543675975
34233,1658.268738150803
34234,1658.2988851109976
34235,1657.5335747380414
34236,1678.1902538106438
34237,1691.0608253409082
34238,1680.0840849614556
34239,1642.712645109985
34240,1634.532385111521
34241,1639.043833834283
34242,1660.9160797278223
34243,1594.749862399495
34244,1597.1105513841958
34245,1598.0384731307652
34246,1598.1364327348192
34247,1348.7776605520298
34248,833.7322378901825
34249,793.3543536993834
34250,1043.3035054944455
34251,1491.103001754661
34252,1477.9245673667876
34253,1473.9449546427006
34254,1472.952517048499
34255,1604.797822678615
34256,1585.6498599621084
34257,1588.1581199597126
34258,1585.831463855444
34259,1587.772231027364
34260,1558.2914701872119
34261,1558.3491402762288
34262,1557.1515839843992
34263,1472.3011761921496
34264,1228.0483067455118
34265,639.1726773968509
34266,635.651634453729
34267,551.0341708658527
34268,543.6777252782919
34269,544.3983503736404
34270,543.6612881992712
34271,572.3884895743242
34272,571.381341448649
34273,570.9642386369145
34274,573.74563888176
34275,580.5033361097312
34276,578.750063572311
34277,576.5502795825896
34278,577.8944028326825
34279,575.843054313222
34280,574.94599673606
34281,580.3414422493179
34282,577.0158925438246
34283,574.1089496157668
34284,574.7528884025652
34285,575.8934837221874
34286,576.7823511266427
34287,585.0390352806928
34288,584.3309770282331
34289,584.8120431656806
34290,584.7738253286755
34291,584.7675574645764
34292,584.643320307647
34293,584.8185869042425
34294,586.7106732242853
34295,579.5755791621334
34296,579.5326308648148
34297,580.4834033847086
34298,580.0912279289621
34299,585.0525307518145
34300,586.7624834692781
34301,592.9461633645728
34302,591.6032247830211
34303,790.7741847975849
34304,4023.3671835349496
34305,7730.672243102221
34306,8576.414253178913
34307,7767.546818807374
34308,7555.573472004797
34309,7629.348577577584
34310,7643.239638084608
34311,7440.074139861325
34312,7400.022050590479
34313,7380.823014726089
34314,7377.168244150978
34315,7600.021265221839
34316,8072.582386524382
34317,8082.166045619888
34318,8101.964923110738
34319,6927.70577866536
34320,1680.1196131588472
34321,1812.558157480725
34322,1790.823900485363
34323,1814.7757833364144
34324,5214.989286782918
34325,6736.014202919422
34326,6769.766764581738
34327,7083.985865226536
34328,7014.541057273509
34329,7007.432394790707
34330,6944.555523271931
34331,6894.745094338403
34332,6871.5995405293215
34333,6871.831686471625
34334,6869.877062558135
34335,6982.409926454049
34336,6934.4160196940375
34337,6952.9902671066475
34338,6953.752545462684
34339,6829.823723994892
34340,6910.42391121834
34341,6874.537888044744
34342,4806.871027214382
34343,3613.5177065492853
34344,5430.200267351814
34345,5621.0135146013035
34346,5602.801765437255
34347,5177.888085822392
34348,5272.089226264266
34349,5096.400226852382
34350,5191.292751195741
34351,5030.344870562034
34352,5178.071916929414
34353,4972.585450154479
34354,4279.710010935842
34355,2521.175791084439
34356,1784.5690340433061
34357,1726.9715586578268
34358,1683.8123994251496
34359,1601.8599406590379
34360,944.6200164073332
34361,709.0428250343514
34362,718.7950739098696
34363,722.9212332250052
34364,620.3778762330119
34365,613.2704616089288
34366,610.787766207143
34367,563.1870014192201
34368,561.8028135172785
34369,565.767063366027
34370,565.8162695135344
34371,564.6593804231695
34372,563.9588047502094
34373,563.7200609841284
34374,562.90380313545
34375,561.9001933986337
34376,562.1454105235642
34377,562.1199643535862
34378,578.290199810609
34379,557.5668148994057
34380,557.6552201634347
34381,556.0454847532814
34382,557.0117242980469
34383,570.023547927708
34384,571.3702256098671
34385,591.2089284886019
34386,591.2089284886019
34387,583.2418299279532
34388,583.4620095620793
34389,583.4080377548441
34390,583.2699280737254
34391,580.8431806754668
34392,577.2315783853013
34393,574.2958884260477
34394,580.4125847984633
34395,590.6839906884317
34396,590.4838576337636
34397,594.0755396976087
34398,593.837084335792
34399,830.5687359394193
34400,1886.9761408700194
34401,3243.365570112712
34402,3289.966069367817
34403,3540.822566552795
34404,2681.9409164817316
34405,2355.5593257996347
34406,2228.528695831099
34407,1732.9804593999788
34408,1770.4302228760164
34409,1760.2373692143674
34410,1760.2590964563046
34411,1320.2222694707732
34412,1230.2125210578288
34413,1209.753764522311
34414,1262.2219533107111
34415,1332.7155709943806
34416,1310.5457551758866
34417,1402.7113802587587
34418,1398.547186892617
34419,1711.4650150461762
34420,1597.2560488847232
34421,1662.8726539295112
34422,1664.5696120645343
34423,1724.5987961986534
34424,1714.8124591548888
34425,1707.867745597239
34426,1707.1960246772153
34427,1772.1997974764604
34428,1758.8701778171896
34429,1771.314219012647
34430,1771.314219012647
34431,1804.1777776115423
34432,1820.42034708699
34433,1793.9931821989712
34434,1810.683156731186
34435,1703.9289276284176
34436,1755.3321445358802
34437,1758.0070249066557
34438,1617.399581666553
34439,1483.7106668771844
34440,1342.9800520881495
34441,1009.2707784869175
34442,1352.8318021465232
34443,1577.6395028471259
34444,1611.6210624727546
34445,1637.4523788941672
34446,1614.0590467886323
34447,1638.8789358092067
34448,1829.2053650500718
34449,1795.3953627764495
34450,1691.2203434106252
34451,1684.6436226036753
34452,1694.8024599602008
34453,1725.254480222382
34454,1723.2838337851554
34455,1373.6669287055763
34456,1166.237677051023
34457,786.2393501449511
34458,788.0603186738117
34459,573.9164156917298
34460,579.2793272106308
34461,578.5142543463434
34462,578.7052847752756
34463,581.3517357529745
34464,581.3524862190588
34465,581.5263437055078
34466,581.3558472740898
34467,569.5661470770117
34468,569.6534333527495
34469,570.0184752488522
34470,570.0102577020389
34471,573.6418478808986
34472,573.4347726405551
34473,573.7865178599803
34474,573.8334508255866
34475,577.9996183649884
34476,577.9996183649884
34477,577.74514368396
34478,578.3948707335633
34479,580.6238461508044
34480,581.3558705935369
34481,582.2097684298943
34482,582.2097684298943
34483,574.2621350244608
34484,574.9263522574726
34485,575.7465430772479
34486,575.7383255304346
34487,584.0957833913649
34488,584.3857347873872
34489,584.0504815694718
34490,583.912218897094
34491,561.7562186387174
34492,566.5861831640618
34493,582.5410551658068
34494,587.6831327779956
34495,914.3383617384006
34496,5800.818439322178
34497,8979.592632692347
34498,8998.182833698273
34499,7971.374840343609
34500,6808.472412361849
34501,6905.869092042778
34502,6948.87268907285
34503,6367.355867397949
34504,6609.963072325712
34505,6562.8341305223275
34506,6580.253030489753
34507,7022.737520211303
34508,7492.811510204738
34509,7494.6295280668055
34510,7496.7070246031835
34511,6340.894716716593
34512,1945.7208700198578
34513,1842.8737974526507
34514,1842.5038898049966
34515,2052.7790422897688
34516,5023.5012686791215
34517,6445.435904372439
34518,6424.640955814938
34519,6682.619152813878
34520,6616.054496074331
34521,6556.132790194458
34522,6567.074123607595
34523,6544.927811296138
34524,6639.656350843668
34525,6558.813796050571
34526,6512.488183955831
34527,6621.584933644159
34528,6905.78163423645
34529,6831.414110931293
34530,6915.769959737252
34531,6440.649956259904
34532,5819.240988049874
34533,5594.148523089463
34534,3477.5755868853116
34535,2920.2159946304882
34536,3707.3849099384965
34537,4399.548317408356
34538,3850.5533139536033
34539,4254.805690321006
34540,4195.967372026207
34541,4084.1289337397798
34542,4078.87843587849
34543,4052.524134539353
34544,3717.6520836749837
34545,3753.995583797433
34546,3687.9910265293047
34547,2294.330878665853
34548,1978.2286302486345
34549,1808.336759974421
34550,1804.6701363834777
34551,1613.8989955896225
34552,946.0000450173236
34553,760.3626415507574
34554,771.898694427089
34555,765.2658405067535
34556,618.5417258760938
34557,615.0337562548323
34558,615.1769428772296
34559,597.3420056816744
34560,597.0039404893397
34561,597.8447927704635
34562,599.0727265381507
34563,599.2071260795254
34564,598.9439983983722
34565,600.413520404664
34566,600.9754286224711
34567,596.6155413975165
34568,597.5775456774682
34569,596.6614307722368
34570,596.6614307722368
34571,610.1250062633254
34572,611.2137995867982
34573,612.2690670724828
34574,612.0146396600403
34575,615.8657185517465
34576,615.9799021604281
34577,615.4408894332062
34578,613.2454429092154
34579,608.398745389421
34580,607.3048465997879
34581,610.9730172310868
34582,611.2555361329188
34583,607.0249490857833
34584,607.3004981998513
34585,610.1907946864404
34586,610.0732678080415
34587,608.6044539770779
34588,609.4628207488045
34589,618.9517002132777
34590,619.5184601755291
34591,799.6491084239506
34592,5898.143483144715
34593,8644.280978894656
34594,8657.849353281274
34595,7908.985823726528
34596,6975.075113215823
34597,7022.301171273932
34598,7017.032928201127
34599,6733.391745662313
34600,6691.563161640825
34601,6681.457215787599
34602,6656.151201779652
34603,6852.4446457710455
34604,7521.945525131574
34605,7513.589332346675
34606,7512.768417818996
34607,6702.679022926028
34608,1714.303054608562
34609,1838.8204710347977
34610,1823.7010110342717
34611,1865.6096914419104
34612,4806.142015275263
34613,6094.17978271173
34614,6064.556717753807
34615,6449.8053573336965
34616,6415.204121172896
34617,6272.074777097055
34618,6273.808753635667
34619,6504.202318702518
34620,6497.755275523448
34621,6463.654736291
34622,6463.970118191893
34623,6474.508277002482
34624,6450.82807808548
34625,6346.697155844524
34626,6325.156874185086
34627,6035.387132236681
34628,5723.969582391217
34629,5494.420761284573
34630,3405.7825137473096
34631,3246.0994909745154
34632,4708.455361950637
34633,5287.515624179134
34634,5255.029995448096
34635,5123.263745078417
34636,5246.429524256938
34637,5099.416196635514
34638,5227.3119806517425
34639,5023.475260553567
34640,4997.539992368105
34641,4387.718125743302
34642,3410.4878972094557
34643,2604.228004107736
34644,1981.8086710416824
34645,1902.1637472031466
34646,1864.0522378492901
34647,1579.6729819386946
34648,943.0571564029185
34649,791.8899993326437
34650,795.5330058902454
34651,765.5667174233063
34652,614.2121947475201
34653,610.0386463317451
34654,609.568506649455
34655,607.621554277485
34656,607.990713982348
34657,607.8581462464199
34658,608.5679297809513
34659,616.0049543007894
34660,615.8413847821141
34661,615.7379652374573
34662,616.2487923418184
34663,616.7663737031892
34664,618.2177684818091
34665,619.3959457399048
34666,619.9113226657059
34667,617.9281661342721
34668,618.472744493923
34669,618.784791536534
34670,618.902365645148
34671,619.6210929996696
34672,619.9765944889423
34673,619.7961677730716
34674,619.6771889012316
34675,623.5130004393441
34676,623.5130004393441
34677,623.9212852818192
34678,624.3228245113731
34679,629.6980475496712
34680,628.8631193113189
34681,624.6757337745257
34682,625.997405307918
34683,618.4359818704977
34684,618.4004920391644
34685,620.3333980524837
34686,624.979546585692
34687,766.7992419960294
34688,5586.782564756322
34689,8587.64925442291
34690,8727.278436354425
34691,7746.83790766064
34692,6800.547360558501
34693,6765.689423166448
34694,6766.780114301038
34695,6805.896887398346
34696,6684.367157107659
34697,6678.165984961377
34698,6674.4411027811675
34699,6820.832280989449
34700,7514.513517009451
34701,7481.566375359333
34702,7482.6483038646375
34703,6746.132599256827
34704,1628.4980217839775
34705,1746.2141283189799
34706,1754.8837194422492
34707,1695.0300384183154
34708,4677.830618028222
34709,6216.24665577192
34710,6222.739628099669
34711,6660.023100705061
34712,6639.262625769814
34713,6651.2809780859625
34714,6674.282113126581
34715,6462.473683117443
34716,6464.433905214529
34717,6484.102100510131
34718,6476.035148065389
34719,6755.601831320497
34720,6780.234108348273
34721,6773.933874971164
34722,6867.44209059766
34723,6293.395301080504
34724,6263.815268678285
34725,6130.007796586929
34726,3554.09362648479
34727,3304.1113795360075
34728,5257.699734468225
34729,5892.842128651943
34730,5659.627530263468
34731,5746.589892871796
34732,5765.127729387679
34733,5633.212201778371
34734,5747.362764241279
34735,5641.107840763493
34736,3952.562157580376
34737,3955.434512299648
34738,3720.013450597532
34739,2725.1363471060567
34740,2047.0707334200374
34741,1992.6342270545847
34742,1955.0570325727745
34743,1665.9235183468215
34744,971.6029734722374
34745,826.8720012582901
34746,838.5027068340637
34747,779.4539498475095
34748,625.3176096650868
34749,621.873815537759
34750,618.0205247740997
34751,603.1066828881939
34752,602.8993476601912
34753,604.9626585544295
34754,602.9390221466152
34755,605.86319287393
34756,605.86319287393
34757,606.573900690193
34758,606.573900690193
34759,605.3521074812983
34760,607.0335449456654
34761,606.4868890331823
34762,606.478671486369
34763,608.5850729712776
34764,608.3315340576069
34765,607.8364562220576
34766,607.9588304349808
34767,608.9551905417134
34768,609.4756603600422
34769,606.9726356746153
34770,607.3209246215281
34771,613.8888751221575
34772,616.6430943295115
34773,616.9747402117181
34774,616.9066372762877
34775,612.0305923901781
34776,611.6476918399561
34777,614.3778661924504
34778,612.700772116592
34779,605.768315987677
34780,604.7536061991149
34781,607.4611331382429
34782,610.045493493658
34783,774.7106195131862
34784,2146.5745665136797
34785,3532.7103968117044
34786,3461.4589385793392
34787,2819.454883680476
34788,2084.1681409374737
34789,1970.5759712830643
34790,1866.207303350403
34791,1709.098346864549
34792,1813.2414767843857
34793,1778.3795906354867
34794,1762.7014392590324
34795,1232.4433808727545
34796,965.3237708057956
34797,947.7586320098013
34798,945.808372241026
34799,903.051078822406
34800,1189.8094161806996
34801,1325.191900762914
34802,1328.459115986345
34803,1643.5564341043614
34804,1676.9105265927917
34805,1732.339564140933
34806,1757.1529775661306
34807,1858.5202518655328
34808,1909.146925392408
34809,1897.1416558567043
34810,1898.7795527030446
34811,1792.0196635526995
34812,1814.6942913994503
34813,1803.6841031037552
34814,1693.0081208353126
34815,1794.4819883037874
34816,1824.479886645174
34817,1814.8351117444327
34818,1853.614050967229
34819,1628.5699597887954
34820,1486.6772941687373
34821,1472.8323250099404
34822,1654.154049625165
34823,1331.7702634371133
34824,723.4070712878427
34825,671.8730039714679
34826,880.8757947118595
34827,1369.4706140759722
34828,1391.5565947626649
34829,1382.656284372956
34830,1393.5094531576576
34831,1584.92124089359
34832,1570.3686955690234
34833,1558.067179134919
34834,1582.6549196536437
34835,1589.4492801174308
34836,1573.9536967526092
34837,1578.9970087613601
34838,1587.4292049184407
34839,1350.2376613203348
34840,965.8000884431624
34841,643.3137994601183
34842,641.5742794008496
34843,559.9465142175798
34844,561.7935244777227
34845,563.3887488009428
34846,560.3236871556807
34847,570.7463277487087
34848,572.1307020605215
34849,573.8215932113415
34850,574.1957181156008
34851,576.7366621009227
34852,571.722976628175
34853,576.1935968245999
34854,576.4868981695171
34855,579.3231705734202
34856,578.606596503768
34857,578.5955138335994
34858,581.6995711478156
34859,582.1534366642231
34860,584.0938655879045
34861,583.4051178606521
34862,583.9962346941891
34863,584.153664251482
34864,584.630315892107
34865,583.4297572020563
34866,583.4297572020563
34867,574.4215516448294
34868,581.5552291523861
34869,580.5141831493273
34870,582.1713189823658
34871,587.9126252068577
34872,591.8867764676077
34873,591.935224290137
34874,593.1486456846549
34875,588.3834957573802
34876,588.040717086077
34877,588.6435243100451
34878,590.8106011315392
34879,805.4146950316601
34880,1006.4221238154469
34881,1052.4063653473245
34882,989.4619335423847
34883,1479.9035030640916
34884,1554.781183334745
34885,1556.1109020882484
34886,1551.5838555426853
34887,1585.700769642619
34888,1538.4040250120822
34889,1521.7199738573224
34890,1524.7888673941602
34891,1180.1167411593174
34892,727.0575074935612
34893,724.340174783297
34894,730.4163424877189
34895,758.0816630716939
34896,1195.0453894717775
34897,1372.5740601999805
34898,1365.7078265501252
34899,1568.9806221555707
34900,1576.3592324753188
34901,1638.3585941963106
34902,1646.524627221218
34903,1671.7203077826246
34904,1712.910245524658
34905,1738.766678897764
34906,1735.8559743943933
34907,1746.6277702980979
34908,1739.9247056070762
34909,1751.8948955612796
34910,1753.119395326288
34911,1727.9774502603036
34912,1716.791896058729
34913,1725.6671185145
34914,1739.269445162812
34915,1663.9856004298836
34916,1654.6563781228692
34917,1654.8396649458427
34918,1648.00230576157
34919,1398.7128443856836
34920,888.808635819502
34921,851.4632244933869
34922,1092.5269230649847
34923,1520.0724976200597
34924,1517.041070998591
34925,1516.2684754694897
34926,1514.6351352291513
34927,1573.5111072576633
34928,1569.948906674284
34929,1564.209366497113
34930,1559.8793389894408
34931,1591.7184634143166
34932,1568.2073558332559
34933,1561.531812131771
34934,1557.5360445494384
34935,1477.561059029671
34936,1097.4214786902223
34937,595.4099423626766
34938,591.8863538006699
34939,555.0252160593448
34940,547.6674251920558
34941,545.255424257173
34942,545.255424257173
34943,550.9948919308368
34944,549.8333755145106
34945,549.0570903358911
34946,549.6220994258261
34947,565.3484793077869
34948,564.3958962962114
34949,564.3802921649398
34950,564.3802921649398
34951,569.3804573170195
34952,569.3471194229462
34953,569.2599794779753
34954,570.7891983200118
34955,567.6154951506232
34956,566.4499751710885
34957,565.07067981593
34958,567.0871146216539
34959,572.2345767339435
34960,572.5391197860386
34961,574.965413958106
34962,574.2053959816924
34963,578.043609715683
34964,577.1312622326274
34965,575.8975954588606
34966,575.4741277625699
34967,562.4746697115063
34968,560.0127591625327
34969,561.6462121821187
34970,560.2266334328251
34971,566.8523289896547
34972,568.5151454815543
34973,572.3487110966897
34974,575.3310525946644
34975,802.9582002615325
34976,1938.6377398679901
34977,2641.2182170446595
34978,2977.0500503056755
34979,3503.3507452421136
34980,2571.6185488480032
34981,2245.3526792470157
34982,2159.6232160982513
34983,1770.0830658217837
34984,1699.74003468722
34985,1717.775403690228
34986,1713.1920519396415
34987,1623.31733060967
34988,1412.3305035463763
34989,1401.5537762315544
34990,1401.5537762315544
34991,1454.3665410722663
34992,1366.2463545669946
34993,1381.9061043265808
34994,1381.3409216965626
34995,1753.403907122359
34996,1806.1065249912144
34997,1847.8102295642616
34998,1840.6678496619293
34999,2019.6118027188627
35000,1944.9072961962006
35001,1946.4558816278713
35002,1940.8430939917794
35003,1983.8626316923096
35004,1960.6173374386512
35005,1930.5959812158978
35006,1930.7683858849985
35007,1937.666435941547
35008,1922.1361522448915
35009,1900.4900339460942
35010,1900.1446681352852
35011,2002.8942551541422
35012,1937.0257229037034
35013,1887.5599326734775
35014,1876.8217395127676
35015,1646.4705269784063
35016,1477.0030732312641
35017,1212.4136441157843
35018,1515.3576192708479
35019,1744.0260777690305
35020,1696.984361482697
35021,1696.9720228962728
35022,1665.4876768417469
35023,1801.9990053367437
35024,2022.3037482124962
35025,2038.5906045989848
35026,1975.6008501603274
35027,1703.19905292751
35028,1918.3019045802755
35029,1934.7257901663404
35030,1899.377763166716
35031,1347.2127066350154
35032,1030.8846021669133
35033,740.1766465066942
35034,745.5257664947718
35035,551.394294477555
35036,551.4447601088683
35037,551.6470589781829
35038,553.0745617371124
35039,583.6983701682432
